long,lat,id,linea,estacion,numero_de_,destino_bo,lineas_de_,cierra_fin,escalera_p,escalera_m,ascensor,rampa,salvaescal,calle,altura,calle2,barrio,comuna,observacio,Objeto,dom_norma,dom_orig
-58.38406785,-34.60210562,1,D,TRIBUNALES - TEATRO COLÓN,4,a Catedral y Congreso de Tucumán,,VERDADERO,VERDADERO,FALSO,FALSO,FALSO,FALSO,Libertad,556,,San Nicolas,Comuna 1,Andén central,Boca de subte,LIBERTAD 556,Libertad 556
-58.38437231,-34.60239446,2,D,TRIBUNALES - TEATRO COLÓN,5,a Catedral y Congreso de Tucumán,,VERDADERO,VERDADERO,FALSO,FALSO,FALSO,FALSO,Lavalle,1221,,San Nicolas,Comuna 1,Andén central,Boca de subte,LAVALLE 1221,Lavalle 1221
-58.39724994,-34.58780388,3,H,LAS HERAS,1,a Hospitales,,FALSO,VERDADERO,VERDADERO,FALSO,FALSO,FALSO,Pueyrredon,2199,,,,Vestíbulo intermedio,Boca de subte,,Pueyrredon 2199
-58.40396661,-34.59873264,4,H,CÓRDOBA,1,a Las Heras y Hopitales,,FALSO,VERDADERO,VERDADERO,VERDADERO,FALSO,FALSO,Pueyrredon,984,,,,Vestíbulo intermedio,Boca de subte,,Pueyrredon 984
-58.40540576,-34.60388392,5,H,CORRIENTES,6,a Las Heras y Hospitales,B,FALSO,FALSO,FALSO,VERDADERO,FALSO,FALSO,Pueyrredón,558,,,,Vestíbulo intermedio,Boca de subte,,Pueyrredón 558
-58.40523719,-34.60416969,6,H,CORRIENTES,3,a Las Heras y Hospitales,B,FALSO,VERDADERO,FALSO,FALSO,FALSO,FALSO,Pueyrredón,539,,,,Vestíbulo intermedio,Boca de subte,,Pueyrredón 539
-58.40508655,-34.6035504,7,H,CORRIENTES,1,Salida únicamente,B,FALSO,FALSO,VERDADERO,FALSO,FALSO,FALSO,Pueyrredón,589,,,,Salida únicamente,Boca de subte,,Pueyrredón 589
-58.40531211,-34.60350124,8,H,CORRIENTES,2,a Las Heras y Hospitales,B,FALSO,VERDADERO,FALSO,FALSO,FALSO,FALSO,Pueyrredón,590,,,,Vestíbulo intermedio,Boca de subte,,Pueyrredón 590
-58.40535202,-34.60367827,9,H,CORRIENTES,4,Salida únicamente,B,FALSO,FALSO,VERDADERO,FALSO,FALSO,FALSO,Pueyrredón,574,,,,Salida únicamente,Boca de subte,,Pueyrredón 574
-58.39738601,-34.62307466,10,E,PICHINCHA,1,a Retiro y Plaza de los Virreyes,,FALSO,VERDADERO,FALSO,FALSO,FALSO,FALSO,San Juan,2277,,,,Vestíbulo intermedio,Boca de subte,,San Juan 2277
-58.39703492,-34.62302769,11,E,PICHINCHA,3,a Retiro y Plaza de los Virreyes,,FALSO,VERDADERO,FALSO,FALSO,FALSO,FALSO,San Juan,2245,,,,Vestíbulo intermedio,Boca de subte,,San Juan 2245
-58.39733835,-34.62327584,12,E,PICHINCHA,4,a Retiro y Plaza de los Virreyes,,FALSO,VERDADERO,FALSO,FALSO,FALSO,FALSO,San Juan,2266,,,,Vestíbulo intermedio,Boca de subte,,San Juan 2266
-58.39699053,-34.62323152,13,E,PICHINCHA,2,a Retiro y Plaza de los Virreyes,,FALSO,VERDADERO,FALSO,FALSO,FALSO,FALSO,San Juan,2254,,,,Vestíbulo intermedio,Boca de subte,,San Juan 2254
-58.39174549,-34.62265161,14,E,ENTRE RIOS - RODOLFO WALSH,1,a Retiro y Plaza de los Virreyes,,FALSO,VERDADERO,FALSO,FALSO,FALSO,FALSO,San Juan,1809,,,,Vestíbulo intermedio,Boca de subte,,San Juan 1809
-58.45518308,-34.58679828,15,B,FEDERICO LACROZE,6,a L. N. Alem,,FALSO,VERDADERO,FALSO,FALSO,FALSO,FALSO,Federico Lacroze,680,,,,Andén a Leandro N. Alem,Boca de subte,,Federico Lacroze 680
-58.40563778,-34.6047428,16,B,PUEYRREDON,2,a L. N. Alem y J. M. de Rosas,H,FALSO,VERDADERO,FALSO,FALSO,FALSO,FALSO,Pueyrredón,496,,,,Vestíbulo intermedio,Boca de subte,,Pueyrredón 496
-58.40551977,-34.60436825,17,B,PUEYRREDON,1,a L. N. Alem y J. M. de Rosas,H,FALSO,VERDADERO,FALSO,FALSO,FALSO,FALSO,Pueyrredón,510,,,,Vestíbulo intermedio,Boca de subte,,Pueyrredón 510
-58.39828234,-34.60954329,18,A,PASCO,3,a Plaza de Mayo,,FALSO,VERDADERO,FALSO,FALSO,FALSO,FALSO,Rivadavia,2243,,,,Solo anden a Plaza de Mayo,Boca de subte,,Rivadavia 2243
-58.39866919,-34.60957007,19,A,PASCO,1,a Plaza de Mayo,,FALSO,VERDADERO,FALSO,FALSO,FALSO,FALSO,Rivadavia,2283,,,,Solo anden a Plaza de Mayo,Boca de subte,,Rivadavia 2283
-58.39268037,-34.60913774,20,A,CONGRESO - PDTE. DR. RAÚL ALFONSÍN,1,a Plaza de Mayo,,FALSO,VERDADERO,FALSO,FALSO,FALSO,FALSO,Rivadavia,1837,,,,Solo anden a Plaza de Mayo,Boca de subte,,Rivadavia 1837
-58.39301045,-34.60934962,21,A,CONGRESO - PDTE. DR. RAÚL ALFONSÍN,2,Salida unicamente,,FALSO,FALSO,VERDADERO,FALSO,FALSO,FALSO,Rivadavia,1864,,,,Salida unicamente,Boca de subte,,Rivadavia 1864
-58.39266263,-34.6093309,22,A,CONGRESO - PDTE. DR. RAÚL ALFONSÍN,4,a San Pedrito,,FALSO,VERDADERO,FALSO,FALSO,FALSO,FALSO,Rivadavia,1820,,,,Solo anden a San Pedrito,Boca de subte,,Rivadavia 1820
-58.39236802,-34.60910505,23,A,CONGRESO - PDTE. DR. RAÚL ALFONSÍN,3,Salida unicamente,,FALSO,FALSO,VERDADERO,FALSO,FALSO,FALSO,Rivadavia,1815,,,,Salida unicamente,Boca de subte,,Rivadavia 1815
-58.4028219,-34.59522342,24,D,PUEYRREDON,3,a Catedral y Congreso de Tucumán,H,FALSO,VERDADERO,FALSO,FALSO,FALSO,FALSO,Puerredón,1340,,,,Andén central,Boca de subte,,Puerredón 1340
-58.37066851,-34.60870352,25,A,PLAZA DE MAYO,3,a San Pedrito,,FALSO,VERDADERO,FALSO,FALSO,FALSO,FALSO,Hipólito Yrigoyen,299,,Monserrat,Comuna 1,Andén Central,Boca de subte,YRIGOYEN. HIPOLITO AV. 299,Hipólito Yrigoyen 299
-58.36999704,-34.60894124,26,A,PLAZA DE MAYO,2,a San Pedrito,,FALSO,VERDADERO,FALSO,FALSO,FALSO,FALSO,Hipólito Yrigoyen,250,,Monserrat,Comuna 1,Andén Central,Boca de subte,YRIGOYEN. HIPOLITO AV. 250,Hipólito Yrigoyen 250
-58.37181614,-34.60878691,27,A,PLAZA DE MAYO,1,a San Pedrito,,VERDADERO,VERDADERO,FALSO,FALSO,FALSO,FALSO,Hipólito Yrigoyen,399,,Monserrat,Comuna 1,Andén Central,Boca de subte,YRIGOYEN. HIPOLITO AV. 399,Hipólito Yrigoyen 399
-58.37399155,-34.60843325,28,A,PERU,5,a Pza. de Mayo,E-D,VERDADERO,VERDADERO,FALSO,FALSO,FALSO,FALSO,Avenida de Mayo,567,,Monserrat,Comuna 1,Sólo andén a Pza. de Mayo,Boca de subte,DE MAYO AV. 567,Avenida de Mayo 567
-58.37436835,-34.6084685,29,A,PERU,3,Salida Únicamente,E-D,FALSO,FALSO,VERDADERO,FALSO,FALSO,FALSO,Avenida de Mayo,597,,Monserrat,Comuna 1,Salida Únicamente,Boca de subte,DE MAYO AV. 597,Avenida de Mayo 597
-58.37386051,-34.60863775,30,A,PERU,6,a San Pedrito,E-D,FALSO,FALSO,VERDADERO,FALSO,FALSO,FALSO,Avenida de Mayo,556,,Monserrat,Comuna 1,Sólo andén a San Pedrito,Boca de subte,DE MAYO AV. 556,Avenida de Mayo 556
-58.37435645,-34.60868053,31,A,PERU,4,a Pza. de Mayo,E-D,FALSO,VERDADERO,FALSO,FALSO,FALSO,FALSO,Avenida de Mayo,600,,Monserrat,Comuna 1,Sólo andén a San Pedrito,Boca de subte,DE MAYO AV. 600,Avenida de Mayo 600
-58.37868096,-34.60897096,32,A,PIEDRAS,2,a San Pedrito,,FALSO,VERDADERO,FALSO,FALSO,FALSO,FALSO,Avenida de Mayo,866,,Monserrat,Comuna 1,Solo anden a San Pedrito,Boca de subte,DE MAYO AV. 866,Avenida de Mayo 866
-58.37871932,-34.60876534,33,A,PIEDRAS,1,a Plaza de Mayo,,FALSO,VERDADERO,FALSO,FALSO,FALSO,FALSO,Avenida de Mayo,869,,Monserrat,Comuna 1,Solo anden a Plaza de Mayo,Boca de subte,DE MAYO AV. 869,Avenida de Mayo 869
-58.37830818,-34.60894849,34,A,PIEDRAS,4,a San Pedrito,,FALSO,VERDADERO,FALSO,FALSO,FALSO,FALSO,Avenida de Mayo,840,,Monserrat,Comuna 1,Solo anden a San Pedrito,Boca de subte,DE MAYO AV. 840,Avenida de Mayo 840
-58.37831881,-34.60873586,35,A,PIEDRAS,3,Salida unicamente,,FALSO,FALSO,VERDADERO,FALSO,FALSO,FALSO,Avenida de Mayo,839,,Monserrat,Comuna 1,Salida unicamente,Boca de subte,DE MAYO AV. 839,Avenida de Mayo 839
-58.3824171,-34.60923476,36,A,LIMA,4,a San Pedrito,C,FALSO,VERDADERO,FALSO,FALSO,FALSO,FALSO,Avenida de Mayo,1130,,Monserrat,Comuna 1,Solo anden a San Pedrito,Boca de subte,DE MAYO AV. 1130,Avenida de Mayo 1130
-58.38243498,-34.60901553,37,A,LIMA,3,Salida unicamente,C,FALSO,FALSO,VERDADERO,FALSO,FALSO,FALSO,Avenida de Mayo,1129,,Monserrat,Comuna 1,Salida unicamente,Boca de subte,DE MAYO AV. 1129,Avenida de Mayo 1129
-58.38274887,-34.60904072,38,A,LIMA,1,a Plaza de Mayo,C,FALSO,VERDADERO,FALSO,FALSO,FALSO,FALSO,Avenida de Mayo,1157,,Monserrat,Comuna 1,Solo anden a Plaza de Mayo,Boca de subte,DE MAYO AV. 1157,Avenida de Mayo 1157
-58.38279486,-34.60925523,39,A,LIMA,2,a San Pedrito,C,FALSO,VERDADERO,FALSO,FALSO,FALSO,FALSO,Avenida de Mayo,1156,,Monserrat,Comuna 1,Solo anden a San Pedrito,Boca de subte,DE MAYO AV. 1156,Avenida de Mayo 1156
-58.3865662,-34.60950859,40,A,SAENZ PEÑA,4,a San Pedrito,,FALSO,VERDADERO,FALSO,FALSO,FALSO,FALSO,Avenida de Mayo,1430,,Monserrat,Comuna 1,Solo anden a San Pedrito,Boca de subte,DE MAYO AV. 1430,Avenida de Mayo 1430
-58.38658054,-34.60930847,41,A,SAENZ PEÑA,3,Salida unicamente,,FALSO,FALSO,VERDADERO,FALSO,FALSO,FALSO,Avenida de Mayo,1431,,Monserrat,Comuna 1,Salida unicamente,Boca de subte,DE MAYO AV. 1431,Avenida de Mayo 1431
-58.38701946,-34.60954561,42,A,SAENZ PEÑA,2,Salida unicamente,,FALSO,FALSO,VERDADERO,FALSO,FALSO,FALSO,Avenida de Mayo,1480,,Monserrat,Comuna 1,Salida unicamente,Boca de subte,DE MAYO AV. 1480,Avenida de Mayo 1480
-58.38703773,-34.60932832,43,A,SAENZ PEÑA,1,a Plaza de Mayo,,FALSO,VERDADERO,FALSO,FALSO,FALSO,FALSO,Avenida de Mayo,1487,,Monserrat,Comuna 1,Solo anden a Plaza de Mayo,Boca de subte,DE MAYO AV. 1487,Avenida de Mayo 1487
-58.40103914,-34.60994112,44,A,ALBERTI,2,a San Pedrito,,FALSO,VERDADERO,FALSO,FALSO,FALSO,FALSO,Rivadavia,2450,,Balvanera,Comuna 3,Solo anden a San Pedrito,Boca de subte,RIVADAVIA AV. 2450,Rivadavia 2450
-58.40072814,-34.60991241,45,A,ALBERTI,4,a San Pedrito,,FALSO,VERDADERO,FALSO,FALSO,FALSO,FALSO,Rivadavia,2408,,Balvanera,Comuna 3,Solo anden a San Pedrito,Boca de subte,RIVADAVIA AV. 2408,Rivadavia 2408
-58.40661972,-34.61027466,46,A,PLAZA MISERERE,1,a Plaza de Mayo y San Pedrito,H,FALSO,VERDADERO,FALSO,FALSO,FALSO,FALSO,Rivadavia,2836,,Balvanera,Comuna 3,Vestibulo intermedio,Boca de subte,RIVADAVIA AV. 2836,Rivadavia 2836
-58.40700282,-34.61028975,47,A,PLAZA MISERERE,2,a Plaza de Mayo y San Pedrito,H,FALSO,VERDADERO,FALSO,FALSO,FALSO,FALSO,Rivadavia,2860,,Balvanera,Comuna 3,Vestibulo intermedio,Boca de subte,RIVADAVIA AV. 2860,Rivadavia 2860
-58.40658078,-34.61002783,48,A,PLAZA MISERERE,3,a Plaza de Mayo y San Pedrito,H,FALSO,VERDADERO,FALSO,FALSO,FALSO,FALSO,Rivadavia,2829,,Balvanera,Comuna 3,Vestibulo intermedio,Boca de subte,RIVADAVIA AV. 2829,Rivadavia 2829
-58.40687674,-34.61004208,49,A,PLAZA MISERERE,4,a Plaza de Mayo y San Pedrito,H,FALSO,VERDADERO,FALSO,FALSO,FALSO,FALSO,Rivadavia,2837,,Balvanera,Comuna 3,Vestibulo intermedio,Boca de subte,RIVADAVIA AV. 2837,Rivadavia 2837
-58.40622562,-34.60935675,50,A,PLAZA MISERERE,5,a Plaza de Mayo y San Pedrito,H,FALSO,VERDADERO,FALSO,FALSO,FALSO,FALSO,B.Mitre,2802,,Balvanera,Comuna 3,Vestibulo intermedio,Boca de subte,MITRE. BARTOLOME 2802,B.Mitre 2802
-58.4061804,-34.60906663,51,A,PLAZA MISERERE,10,a Plaza de Mayo y San Pedrito,H,FALSO,VERDADERO,VERDADERO,FALSO,FALSO,FALSO,B.Mitre,2820,,Balvanera,Comuna 3,Vestibulo intermedio,Boca de subte,MITRE. BARTOLOME 2820,B.Mitre 2820
-58.40583732,-34.60853862,52,A,PLAZA MISERERE,7,a Plaza de Mayo y San Pedrito,H,FALSO,VERDADERO,FALSO,FALSO,FALSO,FALSO,Pueyrredón,123,,Balvanera,Comuna 3,Vestibulo intermedio,Boca de subte,PUEYRREDON AV. 123,Pueyrredón 123
-58.40628205,-34.60844806,53,A,PLAZA MISERERE,8,a Plaza de Mayo y San Pedrito,H,FALSO,VERDADERO,FALSO,FALSO,FALSO,FALSO,Pueyrredón,136,,Balvanera,Comuna 3,Vestibulo intermedio,Boca de subte,PUEYRREDON AV. 136,Pueyrredón 136
-58.41509398,-34.61069016,55,A,LORIA,3,a Plaza de Mayo,,FALSO,VERDADERO,FALSO,FALSO,FALSO,FALSO,Rivadavia,3431,,Almagro,Comuna 5,Solo anden a Plaza de Mayo,Boca de subte,RIVADAVIA AV. 3431,Rivadavia 3431
-58.4149002,-34.61086021,56,A,LORIA,4,a San Pedrito,,FALSO,VERDADERO,FALSO,FALSO,FALSO,FALSO,Rivadavia,3434,,Almagro,Comuna 5,Solo anden a San Pedrito,Boca de subte,RIVADAVIA AV. 3434,Rivadavia 3434
-58.41533852,-34.61069864,57,A,LORIA,1,a Plaza de Mayo,,FALSO,VERDADERO,FALSO,FALSO,FALSO,FALSO,Rivadavia,3463,,Almagro,Comuna 5,Solo anden a Plaza de Mayo,Boca de subte,RIVADAVIA AV. 3463,Rivadavia 3463
-58.41531999,-34.61089142,58,A,LORIA,2,Salida unicamente,,FALSO,FALSO,VERDADERO,FALSO,FALSO,FALSO,Rivadavia,3466,,Almagro,Comuna 5,Salida unicamente,Boca de subte,RIVADAVIA AV. 3466,Rivadavia 3466
-58.42149653,-34.61179238,59,A,CASTRO BARROS,4,Salida unicamente,,FALSO,FALSO,VERDADERO,FALSO,FALSO,FALSO,Rivadavia,3928,,Almagro,Comuna 5,Salida unicamente,Boca de subte,RIVADAVIA AV. 3928,Rivadavia 3928
-58.42157603,-34.61160837,60,A,CASTRO BARROS,3,a Plaza de Mayo,,FALSO,VERDADERO,FALSO,FALSO,FALSO,FALSO,Rivadavia,3929,,Almagro,Comuna 5,Solo anden a Plaza de Mayo,Boca de subte,RIVADAVIA AV. 3929,Rivadavia 3929
-58.42189215,-34.61174565,61,A,CASTRO BARROS,1,a Plaza de Mayo,,FALSO,VERDADERO,FALSO,FALSO,FALSO,FALSO,Rivadavia,3959,,Almagro,Comuna 5,Solo anden a Plaza de Mayo,Boca de subte,RIVADAVIA AV. 3959,Rivadavia 3959
-58.4218274,-34.61193146,62,A,CASTRO BARROS,2,a San Pedrito,,FALSO,VERDADERO,FALSO,FALSO,FALSO,FALSO,Rivadavia,3960,,Almagro,Comuna 5,Solo anden a San Pedrito,Boca de subte,RIVADAVIA AV. 3960,Rivadavia 3960
-58.42955798,-34.61513574,63,A,RIO DE JANEIRO,1,a Plaza de Mayo,,FALSO,VERDADERO,FALSO,FALSO,FALSO,FALSO,Rivadavia,4541,,Almagro,Comuna 5,Solo anden a Plaza de Mayo,Boca de subte,RIVADAVIA AV. 4541,Rivadavia 4541
-58.42920996,-34.61498139,64,A,RIO DE JANEIRO,3,a Plaza de Mayo,,FALSO,VERDADERO,FALSO,FALSO,FALSO,FALSO,Rivadavia,4503,,Almagro,Comuna 5,Solo anden a Plaza de Mayo,Boca de subte,RIVADAVIA AV. 4503,Rivadavia 4503
-58.42946866,-34.61532791,65,A,RIO DE JANEIRO,2,a San Pedrito,,FALSO,VERDADERO,FALSO,FALSO,FALSO,FALSO,Rivadavia,4502,,Caballito,Comuna 6,Solo anden a San Pedrito,Boca de subte,RIVADAVIA AV. 4502,Rivadavia 4502
-58.43588634,-34.61792717,66,A,ACOYTE,3,a Plaza de Mayo,,FALSO,VERDADERO,FALSO,FALSO,FALSO,FALSO,Rivadavia,4965,,Caballito,Comuna 6,Solo anden a Plaza de Mayo,Boca de subte,RIVADAVIA AV. 4965,Rivadavia 4965
-58.43576555,-34.61810461,67,A,ACOYTE,4,a San Pedrito,,FALSO,VERDADERO,FALSO,FALSO,FALSO,FALSO,Rivadavia,4976,,Caballito,Comuna 6,Solo anden a San Pedrito,Boca de subte,RIVADAVIA AV. 4976,Rivadavia 4976
-58.43616339,-34.61829449,68,A,ACOYTE,2,a San Pedrito,,FALSO,FALSO,VERDADERO,FALSO,FALSO,FALSO,Rivadavia,4994,,Caballito,Comuna 6,Solo anden a San Pedrito,Boca de subte,RIVADAVIA AV. 4994,Rivadavia 4994
-58.43625192,-34.61809714,69,A,ACOYTE,1,a Plaza de Mayo,,FALSO,VERDADERO,FALSO,FALSO,FALSO,FALSO,Rivadavia,4995,,Caballito,Comuna 6,Solo anden a Plaza de Mayo,Boca de subte,RIVADAVIA AV. 4995,Rivadavia 4995
-58.43580009,-34.61789368,70,A,ACOYTE,5,a Plaza de Mayo,,FALSO,FALSO,FALSO,VERDADERO,FALSO,FALSO,Rivadavia,4963,,Caballito,Comuna 6,Solo anden a Plaza de Mayo,Boca de subte,RIVADAVIA AV. 4963,Rivadavia 4963
-58.43568787,-34.61807104,71,A,ACOYTE,6,a San Pedrito,,FALSO,FALSO,FALSO,VERDADERO,FALSO,FALSO,Rivadavia,4960,,Caballito,Comuna 6,Solo anden a San Pedrito,Boca de subte,RIVADAVIA AV. 4960,Rivadavia 4960
-58.44129269,-34.62033464,72,A,PRIMERA JUNTA,1,a Plaza de Mayo y San Pedrito,,VERDADERO,VERDADERO,FALSO,FALSO,FALSO,FALSO,Rivadavia,5391,,Caballito,Comuna 6,Vestíbulo intermedio,Boca de subte,RIVADAVIA AV. 5391,Rivadavia 5391
-58.44125101,-34.62064121,73,A,PRIMERA JUNTA,2,a Plaza de Mayo y San Pedrito,,FALSO,VERDADERO,VERDADERO,FALSO,FALSO,FALSO,Del Barco Centenera,13,,Caballito,Comuna 6,Vestíbulo intermedio,Boca de subte,BARCO CENTENERA DEL 13,Del Barco Centenera 13
-58.44105946,-34.62058223,74,A,PRIMERA JUNTA,4,a Plaza de Mayo y San Pedrito,,FALSO,VERDADERO,FALSO,FALSO,FALSO,FALSO,Del Barco Centenera,10,,Caballito,Comuna 6,Vestíbulo intermedio,Boca de subte,BARCO CENTENERA DEL 10,Del Barco Centenera 10
-58.44881116,-34.62373781,75,A,PUAN,2,a Plaza de Mayo y San Pedrito,,FALSO,VERDADERO,FALSO,FALSO,FALSO,FALSO,Rivadavia,5920,,Caballito,Comuna 6,Vestíbulo intermedio,Boca de subte,RIVADAVIA AV. 5920,Rivadavia 5920
-58.44868192,-34.62341011,76,A,PUAN,3,a Plaza de Mayo y San Pedrito,,FALSO,VERDADERO,FALSO,FALSO,FALSO,FALSO,Rivadavia,5927,,Caballito,Comuna 6,Vestíbulo intermedio,Boca de subte,RIVADAVIA AV. 5927,Rivadavia 5927
-58.44831299,-34.62354364,77,A,PUAN,4,a Plaza de Mayo y San Pedrito,,FALSO,FALSO,VERDADERO,FALSO,FALSO,FALSO,Rivadavia,5898,,Caballito,Comuna 6,Vestíbulo intermedio,Boca de subte,RIVADAVIA AV. 5898,Rivadavia 5898
-58.44885903,-34.6234899,78,A,PUAN,1,a Plaza de Mayo y San Pedrito,,FALSO,FALSO,FALSO,VERDADERO,FALSO,FALSO,Rivadavia,5943,,Caballito,Comuna 6,Vestíbulo intermedio,Boca de subte,RIVADAVIA AV. 5943,Rivadavia 5943
-58.45633436,-34.62641852,79,A,CARABOBO,1,a Plaza de Mayo y San Pedrito,,FALSO,VERDADERO,FALSO,FALSO,FALSO,FALSO,Rivadavia,6375,,Flores,Comuna 7,Vestíbulo intermedio,Boca de subte,RIVADAVIA AV. 6375,Rivadavia 6375
-58.45623918,-34.62660521,80,A,CARABOBO,2,a Plaza de Mayo y San Pedrito,,FALSO,VERDADERO,FALSO,FALSO,FALSO,FALSO,Rivadavia,6366,,Flores,Comuna 7,Vestíbulo intermedio,Boca de subte,RIVADAVIA AV. 6366,Rivadavia 6366
-58.45582696,-34.62622384,81,A,CARABOBO,3,a Plaza de Mayo y San Pedrito,,FALSO,FALSO,VERDADERO,FALSO,FALSO,FALSO,Rivadavia,6331,,Flores,Comuna 7,Salida unicamente,Boca de subte,RIVADAVIA AV. 6331,Rivadavia 6331
-58.45571931,-34.62641963,82,A,CARABOBO,6,a Plaza de Mayo y San Pedrito,,FALSO,VERDADERO,FALSO,FALSO,FALSO,FALSO,Rivadavia,6330,,Flores,Comuna 7,Vestíbulo intermedio,Boca de subte,RIVADAVIA AV. 6330,Rivadavia 6330
-58.45601228,-34.6265185,83,A,CARABOBO,4,a Plaza de Mayo y San Pedrito,,FALSO,FALSO,FALSO,VERDADERO,FALSO,FALSO,Rivadavia,6354,,Flores,Comuna 7,Vestíbulo intermedio,Boca de subte,RIVADAVIA AV. 6354,Rivadavia 6354
-58.46374935,-34.62895041,84,A,SAN JOSÉ DE FLORES,5,a Plaza de Mayo y San Pedrito,,FALSO,FALSO,FALSO,VERDADERO,FALSO,FALSO,Rivadavia,6989,,Flores,Comuna 7,Vestíbulo intermedio,Boca de subte,RIVADAVIA AV. 6989,Rivadavia 6989
-58.46364285,-34.62923613,85,A,SAN JOSÉ DE FLORES,2,a Plaza de Mayo y San Pedrito,,FALSO,VERDADERO,FALSO,FALSO,FALSO,FALSO,Rivadavia,6970,,Flores,Comuna 7,Vestíbulo intermedio,Boca de subte,RIVADAVIA AV. 6970,Rivadavia 6970
-58.46308535,-34.62907962,86,A,SAN JOSÉ DE FLORES,4,Salida unicamente,,FALSO,FALSO,VERDADERO,FALSO,FALSO,FALSO,Rivadavia,6928,,Flores,Comuna 7,Salida unicamente,Boca de subte,RIVADAVIA AV. 6928,Rivadavia 6928
-58.46360019,-34.62886698,87,A,SAN JOSÉ DE FLORES,3,a Plaza de Mayo y San Pedrito,,FALSO,VERDADERO,FALSO,FALSO,FALSO,FALSO,Rivadavia,6969,,Flores,Comuna 7,Vestíbulo intermedio,Boca de subte,RIVADAVIA AV. 6969,Rivadavia 6969
-58.46330567,-34.6287884,88,A,SAN JOSÉ DE FLORES,7,a Plaza de Mayo y San Pedrito,,FALSO,VERDADERO,FALSO,FALSO,FALSO,FALSO,Rivadavia,6939,,Flores,Comuna 7,Vestíbulo intermedio,Boca de subte,RIVADAVIA AV. 6939,Rivadavia 6939
-58.46386448,-34.62897903,89,A,SAN JOSÉ DE FLORES,1,Salida unicamente,,FALSO,FALSO,VERDADERO,FALSO,FALSO,FALSO,Rivadavia,6989,,Flores,Comuna 7,Salida unicamente,Boca de subte,RIVADAVIA AV. 6989,Rivadavia 6989
-58.47074355,-34.63081689,90,A,SAN PEDRITO,1,a Plaza de Mayo,,FALSO,VERDADERO,FALSO,FALSO,FALSO,FALSO,Rivadavia,7469,,Flores,Comuna 7,Vestíbulo intermedio,Boca de subte,RIVADAVIA AV. 7469,Rivadavia 7469
-58.4708797,-34.63123361,91,A,SAN PEDRITO,2,a Plaza de Mayo,,FALSO,VERDADERO,FALSO,FALSO,FALSO,FALSO,Rivadavia,7490,,Flores,Comuna 7,Vestíbulo intermedio,Boca de subte,RIVADAVIA AV. 7490,Rivadavia 7490
-58.4702255,-34.6306758,92,A,SAN PEDRITO,5,Salida unicamente,,FALSO,FALSO,VERDADERO,FALSO,FALSO,FALSO,Rivadavia,7431,,Flores,Comuna 7,Salida unicamente,Boca de subte,RIVADAVIA AV. 7431,Rivadavia 7431
-58.47017079,-34.63104055,93,A,SAN PEDRITO,4,a Plaza de Mayo,,FALSO,VERDADERO,FALSO,FALSO,FALSO,FALSO,Rivadavia,7438,,Flores,Comuna 7,Vestíbulo intermedio,Boca de subte,RIVADAVIA AV. 7438,Rivadavia 7438
-58.47040512,-34.63073082,94,A,SAN PEDRITO,3,a Plaza de Mayo,,FALSO,FALSO,FALSO,VERDADERO,FALSO,FALSO,Rivadavia,7441,,Flores,Comuna 7,Vestíbulo intermedio,Boca de subte,RIVADAVIA AV. 7441,Rivadavia 7441
-58.37000778,-34.60316757,95,B,LEANDRO N. ALEM,2,a J. M. de Rosas,,FALSO,VERDADERO,FALSO,FALSO,FALSO,FALSO,L.N. Alem,383,,San Nicolas,Comuna 1,Anden central,Boca de subte,ALEM. LEANDRO N. AV. 383,L.N. Alem 153
-58.36961873,-34.60304996,96,B,LEANDRO N. ALEM,4,a J. M. de Rosas,,FALSO,VERDADERO,FALSO,FALSO,FALSO,FALSO,Corrientes,146,,San Nicolas,Comuna 1,Anden central,Boca de subte,CORRIENTES AV. 146,Corrientes 146
-58.3700583,-34.60276167,97,B,LEANDRO N. ALEM,3,a J. M. de Rosas,,FALSO,VERDADERO,FALSO,FALSO,FALSO,FALSO,L.N. Alem,421,,San Nicolas,Comuna 1,Anden central,Boca de subte,ALEM. LEANDRO N. AV. 421,L.N. Alem 183
-58.36964822,-34.60286856,98,B,LEANDRO N. ALEM,5,a J. M. de Rosas,,FALSO,FALSO,VERDADERO,FALSO,FALSO,FALSO,Corrientes,161,,San Nicolas,Comuna 1,Salida unicamente,Boca de subte,CORRIENTES AV. 161,Corrientes 161
-58.37488002,-34.60320705,99,B,FLORIDA,1,a L. N. Alem y J. M. de Rosas,,FALSO,VERDADERO,FALSO,FALSO,FALSO,FALSO,Corrientes,587,,San Nicolas,Comuna 1,Anden central,Boca de subte,CORRIENTES AV. 587,Corrientes 587
-58.37486416,-34.60340211,100,B,FLORIDA,2,a L. N. Alem y J. M. de Rosas,,FALSO,VERDADERO,FALSO,FALSO,FALSO,FALSO,Corrientes,590,,San Nicolas,Comuna 1,Anden central,Boca de subte,CORRIENTES AV. 590,Corrientes 590
-58.37442518,-34.60317254,101,B,FLORIDA,3,a L. N. Alem y J. M. de Rosas,,VERDADERO,VERDADERO,FALSO,FALSO,FALSO,FALSO,Corrientes,535,,San Nicolas,Comuna 1,Anden central,Boca de subte,CORRIENTES AV. 535,Corrientes 535
-58.38085192,-34.60393922,103,B,C. PELLEGRINI,4,a L. N. Alem y J. M. de Rosas,C-D,FALSO,VERDADERO,FALSO,FALSO,FALSO,FALSO,Pellegrini,385,,San Nicolas,Comuna 1,Anden central,Boca de subte,PELLEGRINI. CARLOS 385,Pellegrini 385
-58.38088865,-34.60344428,104,B,C. PELLEGRINI,1,a L. N. Alem y J. M. de Rosas,C-D,FALSO,VERDADERO,FALSO,FALSO,FALSO,FALSO,Pellegrini,423,,San Nicolas,Comuna 1,Anden central,Boca de subte,PELLEGRINI. CARLOS 423,Pellegrini 423
-58.38086168,-34.6038418,105,B,C. PELLEGRINI,2,a L. N. Alem y J. M. de Rosas,C-D,FALSO,VERDADERO,FALSO,FALSO,FALSO,FALSO,Pellegrini,385,,San Nicolas,Comuna 1,Anden central,Boca de subte,PELLEGRINI. CARLOS 385,Pellegrini 385
-58.38729906,-34.60395396,106,B,URUGUAY,1,Salida unicamente,,FALSO,FALSO,VERDADERO,FALSO,FALSO,FALSO,Corrientes,1463,,San Nicolas,Comuna 1,Salida unicamente,Boca de subte,CORRIENTES AV. 1463,Corrientes 1463
-58.38730831,-34.60415348,107,B,URUGUAY,2,a L. N. Alem y J. M. de Rosas,,FALSO,VERDADERO,FALSO,FALSO,FALSO,FALSO,Corrientes,1450,,San Nicolas,Comuna 1,Vestíbulo intermedio,Boca de subte,CORRIENTES AV. 1450,Corrientes 1450
-58.38699139,-34.60392295,108,B,URUGUAY,5,a L. N. Alem y J. M. de Rosas,,FALSO,VERDADERO,FALSO,FALSO,FALSO,FALSO,Corrientes,1437,,San Nicolas,Comuna 1,Vestíbulo intermedio,Boca de subte,CORRIENTES AV. 1437,Corrientes 1437
-58.38692983,-34.60412248,109,B,URUGUAY,4,a L. N. Alem y J. M. de Rosas,,FALSO,VERDADERO,FALSO,FALSO,FALSO,FALSO,Corrientes,1428,,San Nicolas,Comuna 1,Vestíbulo intermedio,Boca de subte,CORRIENTES AV. 1428,Corrientes 1428
-58.38634059,-34.60388109,110,B,URUGUAY,9,a L. N. Alem y J. M. de Rosas,,FALSO,VERDADERO,FALSO,FALSO,FALSO,FALSO,Corrientes,1393,,San Nicolas,Comuna 1,Vestíbulo intermedio,Boca de subte,CORRIENTES AV. 1393,Corrientes 1393
-58.38671994,-34.60374621,111,B,URUGUAY,7,a L. N. Alem y J. M. de Rosas,,FALSO,FALSO,FALSO,VERDADERO,FALSO,FALSO,Uruguay,410,,San Nicolas,Comuna 1,Vestíbulo intermedio,Boca de subte,URUGUAY AV. 410,Uruguay 410
-58.39287948,-34.60435231,112,B,CALLAO - MAESTRO ALFREDO BRAVO,1,Salida unicamente,,FALSO,FALSO,VERDADERO,FALSO,FALSO,FALSO,Corrientes,1833,,Balvanera,Comuna 3,Salida unicamente,Boca de subte,CORRIENTES AV. 1833,Corrientes 1833
-58.39290005,-34.6045349,113,B,CALLAO - MAESTRO ALFREDO BRAVO,2,a L. N. Alem y J. M. de Rosas,,FALSO,VERDADERO,FALSO,FALSO,FALSO,FALSO,Corrientes,1832,,Balvanera,Comuna 3,Vestíbulo intermedio,Boca de subte,CORRIENTES AV. 1832,Corrientes 1832
-58.39252344,-34.60452997,114,B,CALLAO - MAESTRO ALFREDO BRAVO,4,a L. N. Alem y J. M. de Rosas,,FALSO,VERDADERO,FALSO,FALSO,FALSO,FALSO,Corrientes,1814,,Balvanera,Comuna 3,Vestíbulo intermedio,Boca de subte,CORRIENTES AV. 1814,Corrientes 1814
-58.39251429,-34.60435733,115,B,CALLAO - MAESTRO ALFREDO BRAVO,5,a L. N. Alem y J. M. de Rosas,,FALSO,FALSO,FALSO,VERDADERO,FALSO,FALSO,Callao,402,,Balvanera,Comuna 3,Vestíbulo intermedio,Boca de subte,CALLAO AV. 402,Callao 402
-58.39205498,-34.60452907,116,B,CALLAO - MAESTRO ALFREDO BRAVO,6,a L. N. Alem y J. M. de Rosas,,FALSO,VERDADERO,FALSO,FALSO,FALSO,FALSO,Corrientes,1792,,San Nicolas,Comuna 1,Vestíbulo intermedio,Boca de subte,CORRIENTES AV. 1792,Corrientes 1792
-58.39218886,-34.60417664,117,B,CALLAO - MAESTRO ALFREDO BRAVO,7,a L. N. Alem y J. M. de Rosas,,FALSO,VERDADERO,FALSO,FALSO,FALSO,FALSO,Callao,415,,San Nicolas,Comuna 1,Vestíbulo intermedio,Boca de subte,CALLAO AV. 415,Callao 415
-58.39242629,-34.60424534,118,B,CALLAO - MAESTRO ALFREDO BRAVO,3,a L. N. Alem y J. M. de Rosas,,FALSO,VERDADERO,FALSO,FALSO,FALSO,FALSO,Corrientes,1805,,Balvanera,Comuna 3,Vestíbulo intermedio,Boca de subte,CORRIENTES AV. 1805,Corrientes 1805
-58.39970987,-34.60454382,119,B,PASTEUR - AMIA,1,a L. N. Alem y J. M. de Rosas,,FALSO,VERDADERO,FALSO,FALSO,FALSO,FALSO,Corrientes,2311,,Balvanera,Comuna 3,Vestíbulo intermedio,Boca de subte,CORRIENTES AV. 2311,Corrientes 2311
-58.39969447,-34.60474455,120,B,PASTEUR - AMIA,2,a L. N. Alem y J. M. de Rosas,,FALSO,VERDADERO,FALSO,FALSO,FALSO,FALSO,Corrientes,2306,,Balvanera,Comuna 3,Vestíbulo intermedio,Boca de subte,CORRIENTES AV. 2306,Corrientes 2306
-58.39920186,-34.60452693,121,B,PASTEUR - AMIA,3,a L. N. Alem y J. M. de Rosas,,FALSO,VERDADERO,FALSO,FALSO,FALSO,FALSO,Corrientes,2279,,Balvanera,Comuna 3,Vestíbulo intermedio,Boca de subte,CORRIENTES AV. 2279,Corrientes 2279
-58.39918476,-34.60472482,122,B,PASTEUR - AMIA,4,a L. N. Alem y J. M. de Rosas,,FALSO,VERDADERO,FALSO,FALSO,FALSO,FALSO,Corrientes,2280,,Balvanera,Comuna 3,Vestíbulo intermedio,Boca de subte,CORRIENTES AV. 2280,Corrientes 2280
-58.40520872,-34.60449941,123,B,PUEYRREDON,5,Salida unicamente,H,FALSO,FALSO,VERDADERO,FALSO,FALSO,FALSO,Corrientes,2795,,Balvanera,Comuna 3,Salida unicamente,Boca de subte,CORRIENTES AV. 2795,Corrientes 2795
-58.40523957,-34.60468683,124,B,PUEYRREDON,4,a L. N. Alem y J. M. de Rosas,H,FALSO,VERDADERO,FALSO,FALSO,FALSO,FALSO,Corrientes,2786,,Balvanera,Comuna 3,Vestíbulo intermedio,Boca de subte,CORRIENTES AV. 2786,Corrientes 2786
-58.40503322,-34.60451198,125,B,PUEYRREDON,3,a L. N. Alem y J. M. de Rosas,H,FALSO,VERDADERO,FALSO,FALSO,FALSO,FALSO,Corrientes,2789,,Balvanera,Comuna 3,Vestíbulo intermedio,Boca de subte,CORRIENTES AV. 2789,Corrientes 2789
-58.40506241,-34.60470146,126,B,PUEYRREDON,6,a L. N. Alem y J. M. de Rosas,H,FALSO,VERDADERO,FALSO,FALSO,FALSO,FALSO,Corrientes,2744,,Balvanera,Comuna 3,Vestíbulo intermedio,Boca de subte,CORRIENTES AV. 2744,Corrientes 2744
-58.41204119,-34.60399886,127,B,CARLOS GARDEL,1,a L. N. Alem y J. M. de Rosas,,FALSO,VERDADERO,FALSO,FALSO,FALSO,FALSO,Corrientes,3315,,Balvanera,Comuna 3,Vestíbulo intermedio,Boca de subte,CORRIENTES AV. 3315,Corrientes 3315
-58.41203978,-34.60419563,128,B,CARLOS GARDEL,2,a L. N. Alem y J. M. de Rosas,,FALSO,VERDADERO,FALSO,FALSO,FALSO,FALSO,Corrientes,3326,,Balvanera,Comuna 3,Vestíbulo intermedio,Boca de subte,CORRIENTES AV. 3326,Corrientes 3326
-58.41145768,-34.60397391,129,B,CARLOS GARDEL,3,a L. N. Alem y J. M. de Rosas,,FALSO,VERDADERO,FALSO,FALSO,FALSO,FALSO,Corrientes,3299,,Balvanera,Comuna 3,Vestíbulo intermedio,Boca de subte,CORRIENTES AV. 3299,Corrientes 3299
-58.41146163,-34.60416616,130,B,CARLOS GARDEL,4,a L. N. Alem y J. M. de Rosas,,FALSO,VERDADERO,FALSO,FALSO,FALSO,FALSO,Corrientes,3290,,Balvanera,Comuna 3,Vestíbulo intermedio,Boca de subte,CORRIENTES AV. 3290,Corrientes 3290
-58.42132506,-34.60304022,131,B,ALMAGRO - MEDRANO,1,a L. N. Alem,,FALSO,VERDADERO,FALSO,FALSO,FALSO,FALSO,Corrientes,4019,,Almagro,Comuna 5,Andén a Leandro N. Alem,Boca de subte,CORRIENTES AV. 4019,Corrientes 4019
-58.42116483,-34.60341897,132,B,ALMAGRO - MEDRANO,2,a J. M. de Rosas,,FALSO,VERDADERO,FALSO,FALSO,FALSO,FALSO,Medrano,598,,Almagro,Comuna 5,Andén a J. M. de Rosas,Boca de subte,MEDRANO AV. 598,Medrano 598
-58.42069085,-34.60310398,133,B,ALMAGRO - MEDRANO,3,a L. N. Alem,,FALSO,VERDADERO,FALSO,FALSO,FALSO,FALSO,Corrientes,3989,,Almagro,Comuna 5,Andén a Leandro N. Alem,Boca de subte,CORRIENTES AV. 3989,Corrientes 3989
-58.4207092,-34.60329343,134,B,ALMAGRO - MEDRANO,4,Salida unicamente,,FALSO,FALSO,VERDADERO,FALSO,FALSO,FALSO,Corrientes,3980,,Almagro,Comuna 5,Salida unicamente,Boca de subte,CORRIENTES AV. 3980,Corrientes 3980
-58.43135055,-34.60204699,135,B,ANGEL GALLARDO,1,Andén a Leandro N. Alem,,FALSO,VERDADERO,FALSO,FALSO,FALSO,FALSO,Corrientes,4667,,Almagro,Comuna 5,Andén a Leandro N. Alem,Boca de subte,CORRIENTES AV. 4667,Corrientes 4667
-58.43084901,-34.60208809,136,B,ANGEL GALLARDO,3,Andén a Leandro N. Alem,,FALSO,VERDADERO,FALSO,FALSO,FALSO,FALSO,Corrientes,4641,,Almagro,Comuna 5,Andén a Leandro N. Alem,Boca de subte,CORRIENTES AV. 4641,Corrientes 4641
-58.43087291,-34.60227804,137,B,ANGEL GALLARDO,2,Andén a Juan M. de Rosas,,FALSO,VERDADERO,FALSO,FALSO,FALSO,FALSO,Corrientes,4648,,Almagro,Comuna 5,Andén a Juan M. de Rosas,Boca de subte,CORRIENTES AV. 4648,Corrientes 4648
-58.4313716,-34.6022349,138,B,ANGEL GALLARDO,4,Salida únicamente,,FALSO,FALSO,VERDADERO,FALSO,FALSO,FALSO,Corrientes,4668,,Almagro,Comuna 5,Salida únicamente,Boca de subte,CORRIENTES AV. 4668,Corrientes 4668
-58.43987951,-34.59870699,139,B,MALABIA - OSVALDO PUGLIESE,1,a L. N. Alem,,FALSO,VERDADERO,FALSO,FALSO,FALSO,FALSO,Corrientes,5321,,Villa Crespo,Comuna 15,Andén a Leandro N. Alem,Boca de subte,CORRIENTES AV. 5321,Corrientes 5321
-58.439989,-34.59891838,140,B,MALABIA - OSVALDO PUGLIESE,2,a J. M. de Rosas,,FALSO,VERDADERO,FALSO,FALSO,FALSO,FALSO,Corrientes,5310,,Villa Crespo,Comuna 15,Andén a Juan M. de Rosas,Boca de subte,CORRIENTES AV. 5310,Corrientes 5310
-58.43952822,-34.59904499,141,B,MALABIA - OSVALDO PUGLIESE,3,a L. N. Alem,,FALSO,VERDADERO,FALSO,FALSO,FALSO,FALSO,Corrientes,5283,,Villa Crespo,Comuna 15,Andén a Leandro N. Alem,Boca de subte,CORRIENTES AV. 5283,Corrientes 5283
-58.43972079,-34.59917208,142,B,MALABIA - OSVALDO PUGLIESE,4,Salida únicamente,,FALSO,FALSO,VERDADERO,FALSO,FALSO,FALSO,Corrientes,5296,,Villa Crespo,Comuna 15,Salida únicamente,Boca de subte,CORRIENTES AV. 5296,Corrientes 5296
-58.44771132,-34.59143949,143,B,DORREGO,1,a L. N. Alem,,FALSO,VERDADERO,FALSO,FALSO,FALSO,FALSO,Corrientes,6201,,Chacarita,Comuna 15,Andén a Leandro N. Alem,Boca de subte,CORRIENTES AV. 6201,Corrientes 6201
-58.44791363,-34.59159255,144,B,DORREGO,2,a J. M. de Rosas,,FALSO,VERDADERO,FALSO,FALSO,FALSO,FALSO,Corrientes,6221,,Chacarita,Comuna 15,Andén a Juan M. de Rosas,Boca de subte,CORRIENTES AV. 6221,Corrientes 6221
-58.44731229,-34.59182088,145,B,DORREGO,3,a L. N. Alem,,FALSO,VERDADERO,FALSO,FALSO,FALSO,FALSO,Corrientes,6183,,Chacarita,Comuna 15,Andén a Leandro N. Alem,Boca de subte,CORRIENTES AV. 6183,Corrientes 6183
-58.44748835,-34.59196253,146,B,DORREGO,4,Salida únicamente,,FALSO,FALSO,VERDADERO,FALSO,FALSO,FALSO,Corrientes,6192,,Chacarita,Comuna 15,Salida únicamente,Boca de subte,CORRIENTES AV. 6192,Corrientes 6192
-58.45480959,-34.58699963,147,B,FEDERICO LACROZE,3,a L. N. Alem,,FALSO,VERDADERO,FALSO,FALSO,FALSO,FALSO,Federico Lacroze,4200,,Chacarita,Comuna 15,Andén a Leandro N. Alem,Boca de subte,LACROZE. FEDERICO AV. 4200,Federico Lacroze 4200
-58.45566456,-34.58706139,148,B,FEDERICO LACROZE,4,Salida únicamente,,FALSO,FALSO,VERDADERO,FALSO,FALSO,FALSO,Guzmán,4169,,,,Salida únicamente,Boca de subte,,Guzmán 4169
-58.45532136,-34.58637102,149,B,FEDERICO LACROZE,1,a L. N. Alem,,FALSO,VERDADERO,FALSO,FALSO,FALSO,FALSO,Federico Lacroze,4171,,Chacarita,Comuna 15,Andén a Leandro N. Alem,Boca de subte,LACROZE. FEDERICO AV. 4171,Federico Lacroze 4171
-58.45543109,-34.58653176,150,B,FEDERICO LACROZE,7,a L. N. Alem,,FALSO,VERDADERO,FALSO,FALSO,FALSO,FALSO,Corrientes,6895,,Chacarita,Comuna 15,Andén a Leandro N. Alem,Boca de subte,CORRIENTES AV. 6895,Corrientes 6895
-58.45453092,-34.58776637,151,B,FEDERICO LACROZE,5,a J. M. de Rosas,,FALSO,VERDADERO,FALSO,FALSO,FALSO,FALSO,Corrientes,6800,,Chacarita,Comuna 15,Andén a Juan M. de Rosas,Boca de subte,CORRIENTES AV. 6800,Corrientes 6800
-58.4545622,-34.58736495,152,B,FEDERICO LACROZE,2,a L. N. Alem,,FALSO,VERDADERO,FALSO,FALSO,FALSO,FALSO,Corrientes,6870,,Chacarita,Comuna 15,Andén a Leandro N. Alem,Boca de subte,CORRIENTES AV. 6870,Corrientes 6870
-58.45474395,-34.5876881,153,B,FEDERICO LACROZE,10,a J. M. de Rosas,,FALSO,VERDADERO,FALSO,FALSO,FALSO,FALSO,Corrientes,6802,,Chacarita,Comuna 15,Andén a Juan M. de Rosas,Boca de subte,CORRIENTES AV. 6802,Corrientes 6802
-58.45511612,-34.58759189,154,B,FEDERICO LACROZE,9,a J. M. de Rosas,,FALSO,VERDADERO,FALSO,FALSO,FALSO,FALSO,Corrientes,6830,,Chacarita,Comuna 15,Andén a Juan M. de Rosas,Boca de subte,CORRIENTES AV. 6830,Corrientes 6830
-58.4549796,-34.58723044,155,B,FEDERICO LACROZE,8,a L. N. Alem,,FALSO,VERDADERO,FALSO,FALSO,FALSO,FALSO,Corrientes,6880,,Chacarita,Comuna 15,Andén a Leandro N. Alem,Boca de subte,CORRIENTES AV. 6880,Corrientes 6880
-58.46642253,-34.5839467,156,B,TRONADOR - VILLA ORTÚZAR,1,a L. N. Alem y J. M. de Rosas,,FALSO,VERDADERO,FALSO,FALSO,FALSO,FALSO,Guevara,1619,,Villa Ortuzar,Comuna 15,Andén central,Boca de subte,GUEVARA 1619,Guevara 1619
-58.466566,-34.58415013,157,B,TRONADOR - VILLA ORTÚZAR,2,a L. N. Alem y J. M. de Rosas,,FALSO,VERDADERO,FALSO,FALSO,FALSO,FALSO,Triunvirato,3174,,Villa Ortuzar,Comuna 15,Andén central,Boca de subte,TRIUNVIRATO AV. 3174,Triunvirato 3174
-58.46654182,-34.58431306,158,B,TRONADOR - VILLA ORTÚZAR,4,a L. N. Alem y J. M. de Rosas,,FALSO,VERDADERO,FALSO,FALSO,FALSO,FALSO,Tronador,690,,Villa Ortuzar,Comuna 15,Andén central,Boca de subte,TRONADOR 690,Tronador 690
-58.47404331,-34.58139074,159,B,DE LOS INCAS - PQUE. CHAS,1,a L. N. Alem y J. M. de Rosas,,FALSO,VERDADERO,FALSO,FALSO,FALSO,FALSO,Triunvirato,3741,,Villa Ortuzar,Comuna 15,Vestíbulo intermedio,Boca de subte,TRIUNVIRATO AV. 3741,Triunvirato 3741
-58.47389389,-34.58155028,160,B,DE LOS INCAS - PQUE. CHAS,3,Salida unicamente,,FALSO,FALSO,VERDADERO,FALSO,FALSO,FALSO,Triunvirato,3719,,Villa Ortuzar,Comuna 15,Salida unicamente,Boca de subte,TRIUNVIRATO AV. 3719,Triunvirato 3719
-58.47349626,-34.58211593,161,B,DE LOS INCAS - PQUE. CHAS,4,a L. N. Alem y J. M. de Rosas,,FALSO,VERDADERO,VERDADERO,FALSO,FALSO,FALSO,Combatientes de Malvinas,3287,,Villa Ortuzar,Comuna 15,Andén central,Boca de subte,COMBATIENTES DE MALVINAS AV. 3287,Com
-58.48095202,-34.57769652,162,B,ECHEVERRÍA,1,a L. N. Alem y J. M. de Rosas,,FALSO,VERDADERO,FALSO,FALSO,FALSO,FALSO,Triunvirato,4265,,Villa Urquiza,Comuna 12,Vestíbulo intermedio,Boca de subte,TRIUNVIRATO AV. 4265,Triunvirato 4265
-58.48113055,-34.57783802,163,B,ECHEVERRÍA,2,a L. N. Alem y J. M. de Rosas,,FALSO,VERDADERO,FALSO,FALSO,FALSO,FALSO,Triunvirato,4272,,Villa Urquiza,Comuna 12,Vestíbulo intermedio,Boca de subte,TRIUNVIRATO AV. 4272,Triunvirato 4272
-58.48046135,-34.57802203,164,B,ECHEVERRÍA,3,Salida unicamente,,FALSO,FALSO,VERDADERO,FALSO,FALSO,FALSO,Triunvirato,4225,,Villa Urquiza,Comuna 12,Salida unicamente,Boca de subte,TRIUNVIRATO AV. 4225,Triunvirato 4225
-58.48062047,-34.57817998,165,B,ECHEVERRÍA,6,a L. N. Alem y J. M. de Rosas,,FALSO,VERDADERO,FALSO,FALSO,FALSO,FALSO,Triunvirato,4236,,Villa Urquiza,Comuna 12,Vestíbulo intermedio,Boca de subte,TRIUNVIRATO AV. 4236,Triunvirato 4236
-58.48782603,-34.57412796,166,B,JUAN MANUEL DE ROSAS - VILLA URQUIZA,1,a L. N. Alem,,FALSO,VERDADERO,VERDADERO,FALSO,FALSO,FALSO,Roosevelt,5160,,Villa Urquiza,Comuna 12,Andén central,Boca de subte,ROOSEVELT FRANKLIN D. AV. 5160,Roosevelt 5160
-58.48753318,-34.57396109,167,B,JUAN MANUEL DE ROSAS - VILLA URQUIZA,3,a L. N. Alem,,FALSO,VERDADERO,VERDADERO,FALSO,FALSO,FALSO,Roosevelt,5110,,Villa Urquiza,Comuna 12,Andén central,Boca de subte,ROOSEVELT FRANKLIN D. AV. 5110,Roosevelt 5110
-58.48773498,-34.57380363,168,B,JUAN MANUEL DE ROSAS - VILLA URQUIZA,4,a L. N. Alem,,FALSO,VERDADERO,FALSO,FALSO,FALSO,FALSO,Roosevelt,5110,,Villa Urquiza,Comuna 12,Andén central,Boca de subte,ROOSEVELT FRANKLIN D. AV. 5110,Roosevelt 5110
-58.4870779,-34.57462295,169,B,JUAN MANUEL DE ROSAS - VILLA URQUIZA,5,a L. N. Alem,,FALSO,VERDADERO,FALSO,FALSO,FALSO,FALSO,Monroe,5169,,Villa Urquiza,Comuna 12,Andén central,Boca de subte,MONROE 5169,Monroe 5169
-58.48638465,-34.57451526,170,B,JUAN MANUEL DE ROSAS - VILLA URQUIZA,6,a L. N. Alem,,FALSO,VERDADERO,VERDADERO,FALSO,FALSO,FALSO,Triunvirato,4680,,Villa Urquiza,Comuna 12,Andén central,Boca de subte,TRIUNVIRATO AV. 4680,Triunvirato 4680
-58.37382872,-34.59138658,171,C,RETIRO,1,a Constitución,,FALSO,VERDADERO,FALSO,FALSO,FALSO,FALSO,Ramos Mejía,1390,,Retiro,Comuna 1,Andén central,Boca de subte,RAMOS MEJIA. JOSE MARIA. DR. AV. 1390,Ramos Mejía 1390
-58.37491155,-34.59079035,172,C,RETIRO,4,a Constitución,,FALSO,VERDADERO,FALSO,FALSO,FALSO,FALSO,Ramos Mejía,1314,,Retiro,Comuna 1,Andén central,Boca de subte,RAMOS MEJIA. JOSE MARIA. DR. AV. 1314,Ramos Mejía 1314
-58.37384293,-34.5903745,173,C,RETIRO,3,a Constitución,,FALSO,VERDADERO,FALSO,FALSO,FALSO,FALSO,Ramos Mejía,1462,,Retiro,Comuna 1,Andén central,Boca de subte,RAMOS MEJIA. JOSE MARIA. DR. AV. 1462,Ramos Mejía 1462
-58.37359252,-34.59133412,174,C,RETIRO,2,a Constitución,,FALSO,VERDADERO,FALSO,FALSO,FALSO,FALSO,Gilardi,1300,,Retiro,Comuna 1,Andén central,Boca de subte,GILARDI. GILARDO 1300,Gilardi 1300
-58.3751159,-34.59067121,175,C,RETIRO,5,a Constitución,,FALSO,FALSO,VERDADERO,FALSO,FALSO,FALSO,Ramos Mejía,1500,,Retiro,Comuna 1,Andén central,Boca de subte,RAMOS MEJIA. JOSE MARIA. DR. AV. 1500,Ramos Mejía 1500
-58.37753856,-34.59553202,176,C,SAN MARTIN,1,a Retiro y Constitución,,FALSO,VERDADERO,FALSO,FALSO,FALSO,FALSO,Santa Fe,715,,Retiro,Comuna 1,Vestíbulo intermedio,Boca de subte,SANTA FE AV. 715,Santa Fe 715
-58.3774906,-34.59548414,177,C,SAN MARTIN,1,Salida únicamente,,FALSO,FALSO,VERDADERO,FALSO,FALSO,FALSO,Santa Fe,721,,Retiro,Comuna 1,Salida únicamente,Boca de subte,SANTA FE AV. 721,Santa Fe 721
-58.37789005,-34.59514591,178,C,SAN MARTIN,2,a Retiro y Constitución,,FALSO,VERDADERO,FALSO,FALSO,FALSO,FALSO,Santa Fe,778,,Retiro,Comuna 1,Vestíbulo intermedio,Boca de subte,SANTA FE AV. 778,Santa Fe 778
-58.37808477,-34.60169098,179,C,LAVALLE,1,a Retiro y Constitución,,VERDADERO,VERDADERO,FALSO,FALSO,FALSO,FALSO,Esmeralda,573,,San Nicolas,Comuna 1,Vestíbulo intermedio,Boca de subte,ESMERALDA 573,Esmeralda 573
-58.37817074,-34.60267378,180,C,LAVALLE,2,a Retiro y Constitución,,FALSO,VERDADERO,VERDADERO,FALSO,FALSO,FALSO,Esmeralda,486,,San Nicolas,Comuna 1,Vestíbulo intermedio,Boca de subte,ESMERALDA 486,Esmeralda 486
-58.3796966,-34.60460493,181,C,DIAGONAL NORTE,1,Salida únicamente,B-D,FALSO,FALSO,VERDADERO,FALSO,FALSO,FALSO,Roque Sáenz Peña,917,,San Nicolas,Comuna 1,Salida únicamente,Boca de subte,SAENZ PEÑA. ROQUE. PRES. DIAGONAL NORTE AV. 917,Roque Sáenz Peña 917
-58.38005357,-34.60470053,182,C,DIAGONAL NORTE,2,a Retiro y Constitución,B-D,FALSO,VERDADERO,FALSO,FALSO,FALSO,FALSO,Roque Sáenz Peña,926,,San Nicolas,Comuna 1,Vestíbulo intermedio,Boca de subte,SAENZ PEÑA. ROQUE. PRES. DIAGONAL NORTE AV. 926,Roque Sáenz 
-58.37904829,-34.6049447,183,C,DIAGONAL NORTE,3,a Retiro y Constitución,B-D,VERDADERO,VERDADERO,FALSO,FALSO,FALSO,FALSO,Roque Sáenz Peña,893,,San Nicolas,Comuna 1,Vestíbulo intermedio,Boca de subte,SAENZ PEÑA. ROQUE. PRES. DIAGONAL NORTE AV. 893,Roque Sáe
-58.3795302,-34.60495652,184,C,DIAGONAL NORTE,4,a Retiro y Constitución,B-D,FALSO,VERDADERO,FALSO,FALSO,FALSO,FALSO,Roque Sáenz Peña,900,,San Nicolas,Comuna 1,Vestíbulo intermedio,Boca de subte,SAENZ PEÑA. ROQUE. PRES. DIAGONAL NORTE AV. 900,Roque Sáenz P
-58.38059725,-34.60873945,185,C,AV. DE MAYO,1,Salida únicamente,A,FALSO,FALSO,VERDADERO,FALSO,FALSO,FALSO,Bernardo de Irigoyen,18,,Monserrat,Comuna 1,Salida únicamente,Boca de subte,IRIGOYEN. BERNARDO DE 18,Bernardo de Irigoyen 18 I
-58.3805723,-34.60926672,186,C,AV. DE MAYO,2,a Retiro y Constitución,A,FALSO,VERDADERO,FALSO,FALSO,FALSO,FALSO,Bernardo de Irigoyen,72,,Monserrat,Comuna 1,Vestíbulo intermedio,Boca de subte,IRIGOYEN. BERNARDO DE 72,Bernardo de Irigoyen 72
-58.38034569,-34.60886563,187,C,AV. DE MAYO,3,a Retiro y Constitución,A,FALSO,VERDADERO,FALSO,FALSO,FALSO,FALSO,Avenida de Mayo,981,,Monserrat,Comuna 1,Vestíbulo intermedio,Boca de subte,DE MAYO AV. 981,Avenida de Mayo 981
-58.38032445,-34.60908366,188,C,AV. DE MAYO,4,a Retiro y Constitución,A,FALSO,VERDADERO,FALSO,FALSO,FALSO,FALSO,Avenida de Mayo,984,,Monserrat,Comuna 1,Vestíbulo intermedio,Boca de subte,DE MAYO AV. 984,Avenida de Mayo 984
-58.38058096,-34.61235297,189,C,MORENO,1,a Retiro y Constitución,,FALSO,VERDADERO,FALSO,FALSO,FALSO,FALSO,Bernardo de Irigoyen,336,,Monserrat,Comuna 1,Vestíbulo intermedio,Boca de subte,IRIGOYEN. BERNARDO DE 336,Bernardo de Irigoyen 336
-58.38057509,-34.61254217,190,C,MORENO,3,a Retiro y Constitución,,FALSO,VERDADERO,FALSO,FALSO,FALSO,FALSO,Bernardo de Irigoyen,356,,Monserrat,Comuna 1,Vestíbulo intermedio,Boca de subte,IRIGOYEN. BERNARDO DE 356,Bernardo de Irigoyen 356
-58.38005922,-34.61785794,191,C,INDEPENDENCIA,1,a Retiro y Constitución,E,FALSO,VERDADERO,FALSO,FALSO,FALSO,FALSO,Bernardo de Irigoyen,816,,Constitucion,Comuna 1,Vestíbulo intermedio,Boca de subte,IRIGOYEN. BERNARDO DE 816,Bernardo de Irigoyen 816
-58.3799262,-34.62181453,192,C,SAN JUAN,1,a Retiro y Constitución,,FALSO,VERDADERO,FALSO,FALSO,FALSO,FALSO,Bernardo de Irigoyen,1172,,Constitucion,Comuna 1,Vestíbulo intermedio,Boca de subte,IRIGOYEN. BERNARDO DE 1172,Bernardo de Irigoyen 1172
-58.37984748,-34.62244704,193,C,SAN JUAN,3,a Retiro y Constitución,,FALSO,VERDADERO,FALSO,FALSO,FALSO,FALSO,Bernardo de Irigoyen,1220,,Constitucion,Comuna 1,Vestíbulo intermedio,Boca de subte,IRIGOYEN. BERNARDO DE 1220,Bernardo de Irigoyen 1220
-58.38104454,-34.62790093,194,C,CONSTITUCION,1,a Retiro,,FALSO,VERDADERO,VERDADERO,VERDADERO,FALSO,FALSO,Brasil,1149,,Constitucion,Comuna 1,Andén central,Boca de subte,BRASIL 1149,Brasil 1149
-58.3803079,-34.62810194,195,C,CONSTITUCION,4,a Retiro,,FALSO,VERDADERO,FALSO,FALSO,FALSO,FALSO,Brasil,1140,,Constitucion,Comuna 1,Boca cerrada,Boca de subte,BRASIL 1140,Brasil 1140
-58.38105746,-34.62770534,196,C,CONSTITUCION,2,a Retiro,,FALSO,VERDADERO,FALSO,VERDADERO,FALSO,FALSO,Brasil,1137,,Constitucion,Comuna 1,Andén central,Boca de subte,BRASIL 1137,Brasil 1137
-58.37403503,-34.60785004,197,D,CATEDRAL,10,a Congreso de Tucumán,A-E,FALSO,VERDADERO,FALSO,FALSO,FALSO,FALSO,Roque Sáenz Peña,520,,San Nicolas,Comuna 1,Andén a C. de Tucumán,Boca de subte,SAENZ PEÑA. ROQUE. PRES. DIAGONAL NORTE AV. 520,Roque Sáenz Peña 5
-58.37491264,-34.60750963,198,D,CATEDRAL,1,a Congreso de Tucumán,A-E,FALSO,VERDADERO,FALSO,FALSO,FALSO,FALSO,Roque Sáenz Peña,590,,San Nicolas,Comuna 1,Andén a C. de Tucumán,Boca de subte,SAENZ PEÑA. ROQUE. PRES. DIAGONAL NORTE AV. 590,Roque Sáenz Peña 59
-58.37467599,-34.60750031,199,D,CATEDRAL,6,a Congreso de Tucumán,A-E,FALSO,VERDADERO,FALSO,FALSO,FALSO,FALSO,Florida,45,,San Nicolas,Comuna 1,Andén a C. de Tucumán,Boca de subte,FLORIDA 45,Florida 45
-58.37519819,-34.60724777,200,D,CATEDRAL,2,a Congreso de Tucumán,A-E,FALSO,VERDADERO,FALSO,FALSO,FALSO,FALSO,Roque Sáenz Peña,616,,San Nicolas,Comuna 1,Andén a C. de Tucumán,Boca de subte,SAENZ PEÑA. ROQUE. PRES. DIAGONAL NORTE AV. 616,Roque Sáenz Peña 61
-58.37477538,-34.60717509,201,D,CATEDRAL,4,Salida únicamente,A-E,VERDADERO,FALSO,VERDADERO,FALSO,FALSO,FALSO,Roque Sáenz Peña,568,,San Nicolas,Comuna 1,Salida únicamente,Boca de subte,SAENZ PEÑA. ROQUE. PRES. DIAGONAL NORTE AV. 568,Roque Sáenz Peña 568
-58.37384688,-34.60767034,202,D,CATEDRAL,5,a Congreso de Tucumán,A-E,VERDADERO,VERDADERO,FALSO,FALSO,FALSO,FALSO,Roque Sáenz Peña,511,,San Nicolas,Comuna 1,Andén a C. de Tucumán,Boca de subte,SAENZ PEÑA. ROQUE. PRES. DIAGONAL NORTE AV. 511,Roque Sáenz Peñ
-58.37433766,-34.60768397,203,D,CATEDRAL,8,a Congreso de Tucumán,A-E,FALSO,FALSO,FALSO,VERDADERO,FALSO,FALSO,Roque Sáenz Peña,530,,San Nicolas,Comuna 1,Andén a C. de Tucumán,Boca de subte,SAENZ PEÑA. ROQUE. PRES. DIAGONAL NORTE AV. 530,Roque Sáenz Peña 53
-58.380464,-34.60447026,204,D,9 DE JULIO,6,a Congreso de Tucumán,B-C,FALSO,VERDADERO,FALSO,FALSO,FALSO,FALSO,Roque Sáenz Peña,974,,San Nicolas,Comuna 1,Andén a C. de Tucumán,Boca de subte,SAENZ PEÑA. ROQUE. PRES. DIAGONAL NORTE AV. 974,Roque Sáenz Peña 97
-58.38009619,-34.60440025,205,D,9 DE JULIO,3,a Catedral,B-C,VERDADERO,VERDADERO,FALSO,FALSO,FALSO,FALSO,Roque Sáenz Peña,943,,San Nicolas,Comuna 1,Andén a Catedral,Boca de subte,SAENZ PEÑA. ROQUE. PRES. DIAGONAL NORTE AV. 943,Roque Sáenz Peña 943
-58.38046533,-34.60419858,206,D,9 DE JULIO,1,Salida únicamente,B-C,VERDADERO,FALSO,VERDADERO,FALSO,FALSO,FALSO,Roque Sáenz Peña,979,,San Nicolas,Comuna 1,Salida únicamente,Boca de subte,SAENZ PEÑA. ROQUE. PRES. DIAGONAL NORTE AV. 979,Roque Sáenz Peña 979
-58.38511956,-34.60120129,207,D,TRIBUNALES - TEATRO COLÓN,1,a Catedral y Congreso de Tucumán,,FALSO,VERDADERO,FALSO,FALSO,FALSO,FALSO,Talcahuano,650,,San Nicolas,Comuna 1,Andén central,Boca de subte,TALCAHUANO 650,Talcahuano 650
-58.38532808,-34.60201973,208,D,TRIBUNALES - TEATRO COLÓN,6,a Catedral y Congreso de Tucumán,,FALSO,VERDADERO,FALSO,FALSO,FALSO,FALSO,Talcahuano,550,,San Nicolas,Comuna 1,Andén central,Boca de subte,TALCAHUANO 550,Talcahuano 550
-58.38535527,-34.60120969,209,D,TRIBUNALES - TEATRO COLÓN,2,a Catedral y Congreso de Tucumán,,FALSO,VERDADERO,FALSO,FALSO,FALSO,FALSO,Talcahuano,640,,San Nicolas,Comuna 1,Andén central,Boca de subte,TALCAHUANO 640,Talcahuano 640
-58.38506135,-34.60139328,210,D,TRIBUNALES - TEATRO COLÓN,3,a Catedral y Congreso de Tucumán,,FALSO,FALSO,FALSO,VERDADERO,FALSO,FALSO,Tucuman,1295,,San Nicolas,Comuna 1,Andén central,Boca de subte,TUCUMAN 1295,Tucuman 1295
-58.39180479,-34.59975381,211,D,CALLAO,6,a Catedral y Congreso de Tucumán,,VERDADERO,VERDADERO,FALSO,FALSO,FALSO,FALSO,Córdoba,1710,,San Nicolas,Comuna 1,Pasillo intermedio,Boca de subte,CORDOBA AV. 1710,Córdoba 1710
-58.39266807,-34.59981593,212,D,CALLAO,4,a Congreso de Tucumán,,FALSO,VERDADERO,FALSO,FALSO,FALSO,FALSO,Córdoba,1800,,San Nicolas,Comuna 1,Andén a C. de Tucumán,Boca de subte,CORDOBA AV. 1800,Córdoba 1800
-58.39301218,-34.59983561,213,D,CALLAO,2,a Congreso de Tucumán,,FALSO,VERDADERO,FALSO,FALSO,FALSO,FALSO,Callao,792,,Balvanera,Comuna 3,Andén a C. de Tucumán,Boca de subte,CALLAO AV. 792,Callao 792
-58.39318391,-34.59955141,214,D,CALLAO,1,Salida únicamente,,FALSO,FALSO,VERDADERO,FALSO,FALSO,FALSO,Córdoba,1807,,Recoleta,Comuna 2,Salida únicamente,Boca de subte,CORDOBA AV. 1807,Córdoba 1807
-58.39282923,-34.59945142,215,D,CALLAO,3,a Catedral,,FALSO,VERDADERO,FALSO,FALSO,FALSO,FALSO,Callao,821,,Recoleta,Comuna 2,Andén a Catedral,Boca de subte,CALLAO AV. 821,Callao 821
-58.3918175,-34.59968353,216,D,CALLAO,8,a Congreso de Tucumán,,VERDADERO,FALSO,FALSO,VERDADERO,FALSO,FALSO,Córdoba,1712,,San Nicolas,Comuna 1,Andén a C. de Tucumán,Boca de subte,CORDOBA AV. 1712,Córdoba 1712
-58.39762935,-34.59984039,217,D,FACULTAD DE MEDICINA,6,a Catedral y Congreso de Tucumán,,FALSO,VERDADERO,FALSO,FALSO,FALSO,FALSO,Córdoba,2120,,Balvanera,Comuna 3,Vestíbulo intermedio,Boca de subte,CORDOBA AV. 2120,Córdoba 2120
-58.39808022,-34.59984595,218,D,FACULTAD DE MEDICINA,4,a Catedral y Congreso de Tucumán,,FALSO,VERDADERO,FALSO,FALSO,FALSO,FALSO,Córdoba,2150,,Balvanera,Comuna 3,Vestíbulo intermedio,Boca de subte,CORDOBA AV. 2150,Córdoba 2150
-58.39749045,-34.59955513,219,D,FACULTAD DE MEDICINA,3,a Catedral y Congreso de Tucumán,,FALSO,VERDADERO,FALSO,FALSO,FALSO,FALSO,Córdoba,2115,,Recoleta,Comuna 2,Vestíbulo intermedio,Boca de subte,CORDOBA AV. 2115,Córdoba 2115
-58.3981822,-34.59984174,220,D,FACULTAD DE MEDICINA,2,a Congreso de Tucumán,,FALSO,FALSO,FALSO,VERDADERO,FALSO,FALSO,Córdoba,2152,,Balvanera,Comuna 3,Andén a C. de Tucumán,Boca de subte,CORDOBA AV. 2152,Córdoba 2152
-58.39783672,-34.59963194,221,D,FACULTAD DE MEDICINA,1,Salida únicamente,,FALSO,FALSO,VERDADERO,FALSO,FALSO,FALSO,Córdoba,2160,,Balvanera,Comuna 3,Salida únicamente,Boca de subte,CORDOBA AV. 2160,Córdoba 2160
-58.40265754,-34.59446805,222,D,PUEYRREDON,2,Salida únicamente,H,FALSO,FALSO,VERDADERO,FALSO,FALSO,FALSO,Santa Fe,2514,,Recoleta,Comuna 2,Salida únicamente,Boca de subte,SANTA FE AV. 2514,Santa Fe 2514
-58.40259965,-34.5942718,223,D,PUEYRREDON,1,a Catedral y Congreso de Tucumán,H,FALSO,VERDADERO,FALSO,FALSO,FALSO,FALSO,Santa Fe,2517,,Recoleta,Comuna 2,Andén central,Boca de subte,SANTA FE AV. 2517,Santa Fe 2517
-58.40698055,-34.59195979,224,D,AGÜERO,4,Salida únicamente,,FALSO,FALSO,VERDADERO,FALSO,FALSO,FALSO,Santa Fe,2880,,Recoleta,Comuna 2,Salida únicamente,Boca de subte,SANTA FE AV. 2880,Santa Fe 2880
-58.40736312,-34.59160303,225,D,AGÜERO,2,a Catedral y Congreso de Tucumán,,FALSO,VERDADERO,FALSO,FALSO,FALSO,FALSO,Santa Fe,2906,,Recoleta,Comuna 2,Pasillo intermedio,Boca de subte,SANTA FE AV. 2906,Santa Fe 2906
-58.4072065,-34.59143673,226,D,AGÜERO,1,a Catedral y Congreso de Tucumán,,FALSO,VERDADERO,FALSO,FALSO,FALSO,FALSO,Santa Fe,2915,,Recoleta,Comuna 2,Pasillo intermedio,Boca de subte,SANTA FE AV. 2915,Santa Fe 2915
-58.40683166,-34.59179797,227,D,AGÜERO,3,a Catedral y Congreso de Tucumán,,FALSO,VERDADERO,FALSO,FALSO,FALSO,FALSO,Santa Fe,2885,,Recoleta,Comuna 2,Pasillo intermedio,Boca de subte,SANTA FE AV. 2885,Santa Fe 2885
-58.41098877,-34.58856752,228,D,BULNES,4,Salida únicamente,,FALSO,FALSO,VERDADERO,FALSO,FALSO,FALSO,Santa Fe,3256,,Palermo,Comuna 14,Salida únicamente,Boca de subte,SANTA FE AV. 3256,Santa Fe 3256
-58.41146604,-34.58824676,229,D,BULNES,2,a Congreso de Tucumán,,FALSO,VERDADERO,FALSO,FALSO,FALSO,FALSO,Santa Fe,3300,,Palermo,Comuna 14,Andén a C. de Tucumán,Boca de subte,SANTA FE AV. 3300,Santa Fe 3300
-58.41131532,-34.58809339,230,D,BULNES,1,a Catedral,,FALSO,VERDADERO,FALSO,FALSO,FALSO,FALSO,Santa Fe,3295,,Palermo,Comuna 14,Andén a Catedral,Boca de subte,SANTA FE AV. 3295,Santa Fe 3295
-58.41087019,-34.58812206,231,D,BULNES,3,a Catedral,,FALSO,VERDADERO,VERDADERO,FALSO,FALSO,FALSO,Santa Fe,3261,,Palermo,Comuna 14,Andén a Catedral,Boca de subte,SANTA FE AV. 3261,Santa Fe 3261
-58.41583454,-34.58535596,232,D,R.SCALABRINI ORTIZ,4,a Catedral y Congreso de Tucumán,,FALSO,VERDADERO,FALSO,FALSO,FALSO,FALSO,Santa Fe,3684,,Palermo,Comuna 14,Pasillo intermedio,Boca de subte,SANTA FE AV. 3684,Santa Fe 3684
-58.4162388,-34.58521103,233,D,R.SCALABRINI ORTIZ,2,a Congreso de Tucumán,,FALSO,VERDADERO,FALSO,FALSO,FALSO,FALSO,Scalabrini,2494,,Palermo,Comuna 14,Andén a C. de Tucumán,Boca de subte,SCALABRINI ORTIZ. RAUL AV. 2494,Scalabrini 2494
-58.4159891,-34.58499334,234,D,R.SCALABRINI ORTIZ,1,a Catedral,,FALSO,VERDADERO,FALSO,FALSO,FALSO,FALSO,Santa Fe,3711,,Palermo,Comuna 14,Andén a Catedral,Boca de subte,SANTA FE AV. 3711,Santa Fe 3711
-58.4156549,-34.58521727,235,D,R.SCALABRINI ORTIZ,3,a Catedral y Congreso de Tucumán,,FALSO,VERDADERO,FALSO,FALSO,FALSO,FALSO,Santa Fe,3679,,Palermo,Comuna 14,Pasillo intermedio,Boca de subte,SANTA FE AV. 3679,Santa Fe 3679
-58.42030667,-34.58231298,236,D,PLAZA ITALIA,6,a Catedral y Congreso de Tucumán,,FALSO,VERDADERO,FALSO,FALSO,FALSO,FALSO,Santa Fe,4002,,Palermo,Comuna 14,Andén central,Boca de subte,SANTA FE AV. 4002,Santa Fe 4002
-58.42041848,-34.58224331,237,D,PLAZA ITALIA,4,Salida únicamente,,VERDADERO,FALSO,VERDADERO,FALSO,FALSO,FALSO,Santa Fe,4026,,Palermo,Comuna 14,Salida únicamente,Boca de subte,SANTA FE AV. 4026,Santa Fe 4026
-58.42168611,-34.58136181,238,D,PLAZA ITALIA,2,a Catedral y Congreso de Tucumán,,FALSO,VERDADERO,FALSO,FALSO,FALSO,FALSO,Santa Fe,4196,,Palermo,Comuna 14,Andén central,Boca de subte,SANTA FE AV. 4196,Santa Fe 4196
-58.4214182,-34.58117303,239,D,PLAZA ITALIA,3,a Catedral y Congreso de Tucumán,,FALSO,VERDADERO,FALSO,FALSO,FALSO,FALSO,Santa Fe,4193,,Palermo,Comuna 14,Andén central,Boca de subte,SANTA FE AV. 4193,Santa Fe 4193
-58.42148563,-34.58112818,240,D,PLAZA ITALIA,1,a Catedral y Congreso de Tucumán,,FALSO,VERDADERO,FALSO,FALSO,FALSO,FALSO,Santa Fe,4195,,Palermo,Comuna 14,Andén central,Boca de subte,SANTA FE AV. 4195,Santa Fe 4195
-58.42013967,-34.5818658,241,D,PLAZA ITALIA,5,a Catedral y Congreso de Tucumán,,VERDADERO,VERDADERO,FALSO,FALSO,FALSO,FALSO,Santa Fe,4150,,Palermo,Comuna 14,Andén central,Boca de subte,SANTA FE AV. 4150,Santa Fe 4150
-58.42600471,-34.57846478,242,D,PALERMO,4,Salida únicamente,,FALSO,FALSO,VERDADERO,FALSO,FALSO,FALSO,Santa Fe,4636,,Palermo,Comuna 14,Salida únicamente,Boca de subte,SANTA FE AV. 4636,Santa Fe 4636
-58.42642054,-34.57831649,243,D,PALERMO,2,a Catedral y Congreso de Tucumán,,FALSO,VERDADERO,FALSO,FALSO,FALSO,FALSO,Santa Fe,4700,,Palermo,Comuna 14,Andén central,Boca de subte,SANTA FE AV. 4700,Santa Fe 4700
-58.42583303,-34.57820766,244,D,PALERMO,1,a Catedral y Congreso de Tucumán,,FALSO,VERDADERO,FALSO,FALSO,FALSO,FALSO,Santa Fe,4719,1,Palermo,Comuna 14,Andén central,Boca de subte,SANTA FE AV. 4719,Santa Fe 4719
-58.43444906,-34.57557724,245,D,MINISTRO CARRANZA - MIGUEL ABUELO,4,a Catedral y Congreso de Tucumán,,FALSO,VERDADERO,FALSO,FALSO,VERDADERO,FALSO,Arévalo,2400,,Palermo,Comuna 14,Vestíbulo intermedio,Boca de subte,AREVALO 2400,Arévalo 2400
-58.4340277,-34.57546511,246,D,MINISTRO CARRANZA - MIGUEL ABUELO,7,a Catedral y Congreso de Tucumán,,FALSO,VERDADERO,FALSO,FALSO,FALSO,FALSO,Santa Fe,5271,,Palermo,Comuna 14,Vestíbulo intermedio,Boca de subte,SANTA FE AV. 5271,Santa Fe 5271
-58.43428105,-34.5753358,247,D,MINISTRO CARRANZA - MIGUEL ABUELO,5,a Catedral y Congreso de Tucumán,,FALSO,VERDADERO,FALSO,FALSO,FALSO,FALSO,Santa Fe,5319,,Palermo,Comuna 14,Vestíbulo intermedio,Boca de subte,SANTA FE AV. 5319,Santa Fe 5319
-58.43459552,-34.57520415,248,D,MINISTRO CARRANZA - MIGUEL ABUELO,3,a Catedral y Congreso de Tucumán,,FALSO,VERDADERO,FALSO,FALSO,FALSO,FALSO,Santa Fe,5321,,Palermo,Comuna 14,Vestíbulo intermedio,Boca de subte,SANTA FE AV. 5321,Santa Fe 5321
-58.43480644,-34.575424,249,D,MINISTRO CARRANZA - MIGUEL ABUELO,2,a Catedral y Congreso de Tucumán,,FALSO,VERDADERO,FALSO,FALSO,VERDADERO,FALSO,Santa Fe,5376,,Palermo,Comuna 14,Vestíbulo intermedio,Boca de subte,SANTA FE AV. 5376,Santa Fe 5376
-58.44416916,-34.57045106,250,D,OLLEROS,4,a Catedral y Congreso de Tucumán,,FALSO,VERDADERO,FALSO,FALSO,FALSO,FALSO,Cabildo,714,,Colegiales,Comuna 13,Vestíbulo intermedio,Boca de subte,CABILDO AV. 714,Cabildo 714
-58.44417902,-34.57012834,251,D,OLLEROS,3,a Catedral y Congreso de Tucumán,,FALSO,VERDADERO,FALSO,FALSO,FALSO,FALSO,Cabildo,715,,Palermo,Comuna 14,Vestíbulo intermedio,Boca de subte,CABILDO AV. 715,Cabildo 715
-58.4444855,-34.5699784,252,D,OLLEROS,1,a Catedral y Congreso de Tucumán,,FALSO,VERDADERO,FALSO,FALSO,FALSO,FALSO,Cabildo,759,,Palermo,Comuna 14,Vestíbulo intermedio,Boca de subte,CABILDO AV. 759,Cabildo 759
-58.4447,-34.57018189,253,D,OLLEROS,2,a Catedral y Congreso de Tucumán,,FALSO,VERDADERO,FALSO,FALSO,FALSO,FALSO,Cabildo,790,,Colegiales,Comuna 13,Vestíbulo intermedio,Boca de subte,CABILDO AV. 790,Cabildo 790
-58.45206504,-34.56642198,254,D,JOSE HERNANDEZ,4,a Catedral y Congreso de Tucumán,,FALSO,VERDADERO,FALSO,FALSO,FALSO,VERDADERO,Cabildo,1574,,Colegiales,Comuna 13,Vestíbulo intermedio,Boca de subte,CABILDO AV. 1574,Cabildo 1574
-58.45194651,-34.56614142,255,D,JOSE HERNANDEZ,3,a Catedral y Congreso de Tucumán,,FALSO,VERDADERO,FALSO,FALSO,FALSO,FALSO,Cabildo,1577,,Belgrano,Comuna 13,Vestíbulo intermedio,Boca de subte,CABILDO AV. 1577,Cabildo 1577
-58.45230145,-34.56628416,256,D,JOSE HERNANDEZ,2,a Catedral y Congreso de Tucumán,,FALSO,VERDADERO,FALSO,FALSO,FALSO,FALSO,Cabildo,1594,,Colegiales,Comuna 13,Vestíbulo intermedio,Boca de subte,CABILDO AV. 1594,Cabildo 1594
-58.45229577,-34.56595332,257,D,JOSE HERNANDEZ,1,Salida únicamente,,FALSO,FALSO,VERDADERO,FALSO,FALSO,FALSO,Cabildo,1621,,Belgrano,Comuna 13,Salida únicamente,Boca de subte,CABILDO AV. 1621,Cabildo 1621
-58.45597303,-34.56264728,258,D,JURAMENTO,5,Salida únicamente,,FALSO,FALSO,VERDADERO,FALSO,FALSO,FALSO,Cabildo,2015,,Belgrano,Comuna 13,Salida únicamente,Boca de subte,CABILDO AV. 2015,Cabildo 2015
-58.45632794,-34.56268553,259,D,JURAMENTO,4,a Catedral y Congreso de Tucumán,,FALSO,VERDADERO,VERDADERO,FALSO,FALSO,FALSO,Cabildo,2040,,Belgrano,Comuna 13,Vestíbulo intermedio,Boca de subte,CABILDO AV. 2040,Cabildo 2040
-58.45634762,-34.56219718,260,D,JURAMENTO,1,Salida únicamente,,FALSO,FALSO,VERDADERO,FALSO,FALSO,FALSO,Cabildo,2077,,Belgrano,Comuna 13,Salida únicamente,Boca de subte,CABILDO AV. 2077,Cabildo 2077
-58.45662692,-34.56234196,261,D,JURAMENTO,2,a Catedral y Congreso de Tucumán,,FALSO,VERDADERO,VERDADERO,FALSO,FALSO,FALSO,Cabildo,2080,,Belgrano,Comuna 13,Vestíbulo intermedio,Boca de subte,CABILDO AV. 2080,Cabildo 2080
-58.45612069,-34.56246372,262,D,JURAMENTO,3,a Catedral y Congreso de Tucumán,,FALSO,FALSO,FALSO,VERDADERO,FALSO,FALSO,Cabildo,2043,,Belgrano,Comuna 13,Vestíbulo intermedio,Boca de subte,CABILDO AV. 2043,Cabildo 2043
-58.46190036,-34.55642047,263,D,CONGRESO DE TUCUMAN,8,a Catedral,,FALSO,VERDADERO,FALSO,FALSO,FALSO,FALSO,Cabildo,2802,,Belgrano,Comuna 13,Vestíbulo intermedio,Boca de subte,CABILDO AV. 2802,Cabildo 2802
-58.46185263,-34.55591596,264,D,CONGRESO DE TUCUMAN,3,a Catedral,,FALSO,VERDADERO,FALSO,FALSO,FALSO,FALSO,Cabildo,2831,,Belgrano,Comuna 13,Vestíbulo intermedio,Boca de subte,CABILDO AV. 2831,Cabildo 2831
-58.46253032,-34.55575883,265,D,CONGRESO DE TUCUMAN,4,a Catedral,,FALSO,VERDADERO,VERDADERO,FALSO,FALSO,FALSO,Cabildo,2860,,Belgrano,Comuna 13,Vestíbulo intermedio,Boca de subte,CABILDO AV. 2860,Cabildo 2860
-58.46206034,-34.55569761,266,D,CONGRESO DE TUCUMAN,1,a Catedral,,FALSO,VERDADERO,FALSO,FALSO,FALSO,FALSO,Cabildo,2869,,Belgrano,Comuna 13,Vestíbulo intermedio,Boca de subte,CABILDO AV. 2869,Cabildo 2869
-58.46224706,-34.55605923,267,D,CONGRESO DE TUCUMAN,6,a Catedral,,FALSO,VERDADERO,VERDADERO,FALSO,FALSO,FALSO,Cabildo,2834,,Belgrano,Comuna 13,Vestíbulo intermedio,Boca de subte,CABILDO AV. 2834,Cabildo 2834
-58.37372812,-34.60947367,268,E,BOLIVAR,3,Salida únicamente,A-D,FALSO,FALSO,VERDADERO,FALSO,FALSO,FALSO,Presidente Julio Roca,516,,Monserrat,Comuna 1,Salida únicamente,Boca de subte,ROCA. JULIO A.. PRESIDENTE DIAGONAL SUR AV. 516,Presidente Julio Roca 516
-58.37342227,-34.60917381,269,E,BOLIVAR,1,a Plaza de los Virreyes,A-D,FALSO,VERDADERO,FALSO,FALSO,FALSO,FALSO,Hipólito Yrigoyen,500,,Monserrat,Comuna 1,Andén a Plaza de los Virreyes,Boca de subte,YRIGOYEN. HIPOLITO AV. 500,Hipólito Yrigoyen 500
-58.37362402,-34.60901786,270,E,BOLIVAR,2,a Plaza de los Virreyes,A-D,FALSO,VERDADERO,FALSO,FALSO,FALSO,FALSO,Hipólito Yrigoyen,501,,Monserrat,Comuna 1,Andén a Plaza de los Virreyes,Boca de subte,YRIGOYEN. HIPOLITO 501,Hipólito Yrigoyen 501
-58.37474821,-34.60982362,271,E,BOLIVAR,4,a Plaza de los Virreyes,A-D,VERDADERO,VERDADERO,FALSO,FALSO,FALSO,FALSO,Perú,164,,Monserrat,Comuna 1,Andén a Plaza de los Virreyes,Boca de subte,PERU 164,Perú 164
-58.37445945,-34.61015069,272,E,BOLIVAR,5,a Plaza de los Virreyes,A-D,VERDADERO,VERDADERO,FALSO,FALSO,FALSO,FALSO,Presidente Julio Roca,590,,Monserrat,Comuna 1,Andén a Plaza de los Virreyes,Boca de subte,ROCA. JULIO A.. PRESIDENTE DIAGONAL SUR AV. 590,Pre
-58.3750247,-34.61067347,273,E,BOLIVAR,7,a Plaza de los Virreyes,A-D,VERDADERO,VERDADERO,FALSO,FALSO,FALSO,FALSO,Presidente Julio Roca,610,,Monserrat,Comuna 1,Andén a Plaza de los Virreyes,Boca de subte,ROCA. JULIO A.. PRESIDENTE DIAGONAL SUR AV. 610,Pres
-58.3778252,-34.6127771,274,E,BELGRANO,3,a Retiro y Plaza de los Virreyes,,FALSO,VERDADERO,FALSO,FALSO,FALSO,FALSO,Belgrano,809,,Monserrat,Comuna 1,Vestíbulo intermedio,Boca de subte,BELGRANO AV. 809,Belgrano 809
-58.37780574,-34.61297135,275,E,BELGRANO,4,a Retiro y Plaza de los Virreyes,,FALSO,VERDADERO,FALSO,FALSO,FALSO,FALSO,Belgrano,802,,Monserrat,Comuna 1,Vestíbulo intermedio,Boca de subte,BELGRANO AV. 802,Belgrano 802
-58.37815755,-34.61279021,276,E,BELGRANO,1,a Retiro y Plaza de los Virreyes,,FALSO,VERDADERO,FALSO,FALSO,FALSO,FALSO,Belgrano,835,,Monserrat,Comuna 1,Vestíbulo intermedio,Boca de subte,BELGRANO AV. 835,Belgrano 835
-58.37812483,-34.61298631,277,E,BELGRANO,2,a Retiro y Plaza de los Virreyes,,FALSO,VERDADERO,FALSO,FALSO,FALSO,FALSO,Belgrano,836,,Monserrat,Comuna 1,Vestíbulo intermedio,Boca de subte,BELGRANO AV. 836,Belgrano 836
-58.38159284,-34.61826391,278,E,INDEPENDENCIA,4,Salida únicamente,C,FALSO,FALSO,VERDADERO,FALSO,FALSO,FALSO,Lima,875,,Constitucion,Comuna 1,Salida únicamente,Boca de subte,LIMA 875,Lima 875
-58.38160864,-34.61796937,279,E,INDEPENDENCIA,2,a Retiro y Plaza de los Virreyes,C,FALSO,VERDADERO,FALSO,FALSO,FALSO,FALSO,Lima,845,,Constitucion,Comuna 1,Vestíbulo intermedio,Boca de subte,LIMA 845,Lima 845
-58.3853503,-34.62226423,280,E,SAN JOSE,1,a Retiro y Plaza de los Virreyes,,FALSO,VERDADERO,FALSO,FALSO,FALSO,FALSO,San Juan,1369,,Constitucion,Comuna 1,Vestíbulo intermedio,Boca de subte,SAN JUAN AV. 1369,San Juan 1369
-58.3848887,-34.62224241,281,E,SAN JOSE,3,a Retiro y Plaza de los Virreyes,,FALSO,VERDADERO,FALSO,FALSO,FALSO,FALSO,San Juan,1329,,Constitucion,Comuna 1,Vestíbulo intermedio,Boca de subte,SAN JUAN AV. 1329,San Juan 1329
-58.39134918,-34.62296311,282,E,ENTRE RIOS - RODOLFO WALSH,4,a Retiro y Plaza de los Virreyes,,FALSO,VERDADERO,FALSO,FALSO,FALSO,FALSO,Entre Ríos,1216,,Constitucion,Comuna 1,Vestíbulo intermedio,Boca de subte,ENTRE RIOS AV. 1216,Entre Ríos 1216
-58.39159037,-34.62297876,283,E,ENTRE RIOS - RODOLFO WALSH,2,a Retiro y Plaza de los Virreyes,,FALSO,VERDADERO,FALSO,FALSO,FALSO,FALSO,Entre Ríos,1217,,San Cristobal,Comuna 3,Vestíbulo intermedio,Boca de subte,ENTRE RIOS AV. 1217,Entre Ríos 1217
-58.39138163,-34.62248477,284,E,ENTRE RIOS - RODOLFO WALSH,3,a Retiro y Plaza de los Virreyes,,FALSO,VERDADERO,FALSO,FALSO,FALSO,FALSO,Entre Ríos,1184,,Constitucion,Comuna 1,Vestíbulo intermedio,Boca de subte,ENTRE RIOS AV. 1184,Entre Ríos 1184
-58.40308604,-34.62379189,285,E,JUJUY,1,a Retiro y Plaza de los Virreyes,H,FALSO,VERDADERO,FALSO,FALSO,FALSO,FALSO,San Juan,2743,,San Cristobal,Comuna 3,Vestíbulo intermedio,Boca de subte,SAN JUAN AV. 2743,San Juan 2743
-58.40268594,-34.62373517,286,E,JUJUY,3,a Retiro y Plaza de los Virreyes,H,FALSO,VERDADERO,FALSO,FALSO,FALSO,FALSO,San Juan,2705,,San Cristobal,Comuna 3,Vestíbulo intermedio,Boca de subte,SAN JUAN AV. 2705,San Juan 2705
-58.40273334,-34.62394609,287,E,JUJUY,4,a Retiro y Plaza de los Virreyes,H,FALSO,VERDADERO,FALSO,FALSO,FALSO,FALSO,San Juan,2730,,San Cristobal,Comuna 3,Vestíbulo intermedio,Boca de subte,SAN JUAN AV. 2730,San Juan 2730
-58.40315508,-34.62399983,288,E,JUJUY,2,a Retiro y Plaza de los Virreyes,H,FALSO,VERDADERO,FALSO,FALSO,FALSO,FALSO,San Juan,2764,,San Cristobal,Comuna 3,Vestíbulo intermedio,Boca de subte,SAN JUAN AV. 2764,San Juan 2764
-58.40952534,-34.62458861,289,E,URQUIZA,3,a Retiro y Plaza de los Virreyes,,FALSO,VERDADERO,FALSO,FALSO,FALSO,FALSO,San Juan,3141,,San Cristobal,Comuna 3,Vestíbulo intermedio,Boca de subte,SAN JUAN AV. 3141,San Juan 3141
-58.40986556,-34.62461792,290,E,URQUIZA,1,a Retiro y Plaza de los Virreyes,,FALSO,VERDADERO,FALSO,FALSO,FALSO,FALSO,San Juan,3161,,San Cristobal,Comuna 3,Vestíbulo intermedio,Boca de subte,SAN JUAN AV. 3161,San Juan 3161
-58.40948862,-34.62476923,291,E,URQUIZA,2,a Retiro y Plaza de los Virreyes,,FALSO,VERDADERO,FALSO,FALSO,FALSO,FALSO,San Juan,3144,,San Cristobal,Comuna 3,Vestíbulo intermedio,Boca de subte,SAN JUAN AV. 3144,San Juan 3144
-58.41596298,-34.62569361,292,E,BOEDO,2,a Retiro y Plaza de los Virreyes,,FALSO,VERDADERO,FALSO,FALSO,FALSO,FALSO,Boedo,1014,,Boedo,Comuna 5,Andén central,Boca de subte,BOEDO AV. 1014,Boedo 1014
-58.41619258,-34.62571836,293,E,BOEDO,4,a Retiro y Plaza de los Virreyes,,FALSO,VERDADERO,FALSO,FALSO,FALSO,FALSO,Boedo,1011,,Boedo,Comuna 5,Andén central,Boca de subte,BOEDO AV. 1011,Boedo 1011
-58.41600711,-34.62512215,294,E,BOEDO,3,a Retiro y Plaza de los Virreyes,,FALSO,VERDADERO,FALSO,FALSO,FALSO,FALSO,Boedo,966,,Boedo,Comuna 5,Andén central,Boca de subte,BOEDO AV. 966,Boedo 966
-58.41623458,-34.62517841,295,E,BOEDO,1,a Retiro y Plaza de los Virreyes,,FALSO,VERDADERO,FALSO,FALSO,FALSO,FALSO,Boedo,981,,Boedo,Comuna 5,Andén central,Boca de subte,BOEDO AV. 981,Boedo 981
-58.42621008,-34.62702779,296,E,AV. LA PLATA,6,a Retiro y Plaza de los Virreyes,,FALSO,VERDADERO,FALSO,FALSO,FALSO,FALSO,San Juan,4370,,Boedo,Comuna 5,Andén central,Boca de subte,SAN JUAN AV. 4370,San Juan 4370
-58.42646098,-34.62706426,297,E,AV. LA PLATA,4,a Retiro y Plaza de los Virreyes,,FALSO,VERDADERO,FALSO,FALSO,FALSO,FALSO,San Juan,4396,,Boedo,Comuna 5,Andén central,Boca de subte,SAN JUAN AV. 4396,San Juan 4396
-58.4262555,-34.62682447,298,E,AV. LA PLATA,5,a Retiro y Plaza de los Virreyes,,FALSO,VERDADERO,FALSO,FALSO,FALSO,FALSO,San Juan,4361,,Boedo,Comuna 5,Andén central,Boca de subte,SAN JUAN AV. 4361,San Juan 4361
-58.42651023,-34.62686415,299,E,AV. LA PLATA,3,a Retiro y Plaza de los Virreyes,,FALSO,VERDADERO,FALSO,FALSO,FALSO,FALSO,San Juan,4397,,Boedo,Comuna 5,Andén central,Boca de subte,SAN JUAN AV. 4397,San Juan 4397
-58.4270133,-34.6269416,300,E,AV. LA PLATA,1,a Retiro y Plaza de los Virreyes,,FALSO,VERDADERO,FALSO,FALSO,FALSO,FALSO,Directorio,11,,Caballito,Comuna 6,Andén central,Boca de subte,DIRECTORIO AV. 11,Directorio 11
-58.42697344,-34.62712971,301,E,AV. LA PLATA,2,a Retiro y Plaza de los Virreyes,,FALSO,VERDADERO,FALSO,FALSO,FALSO,FALSO,Directorio,12,,Parque Chacabuco,Comuna 7,Andén central,Boca de subte,DIRECTORIO AV. 12,Directorio 12
-58.43386484,-34.62826592,302,E,JOSE MARIA MORENO,2,a Retiro y Plaza de los Virreyes,,FALSO,VERDADERO,FALSO,FALSO,FALSO,FALSO,José María Moreno,813,,Parque Chacabuco,Comuna 7,Vestíbulo intermedio,Boca de subte,MORENO. JOSE MARIA AV. 813,José María Moreno 
-58.43397216,-34.62783788,303,E,JOSE MARIA MORENO,1,a Retiro y Plaza de los Virreyes,,FALSO,VERDADERO,FALSO,FALSO,FALSO,FALSO,José María Moreno,793,,Caballito,Comuna 6,Vestíbulo intermedio,Boca de subte,MORENO. JOSE MARIA AV. 793,José María Moreno 793
-58.43375222,-34.62780383,304,E,JOSE MARIA MORENO,3,a Retiro y Plaza de los Virreyes,,FALSO,VERDADERO,FALSO,FALSO,FALSO,FALSO,José María Moreno,790,,Caballito,Comuna 6,Vestíbulo intermedio,Boca de subte,MORENO. JOSE MARIA AV. 790,José María Moreno 790
-58.43352429,-34.6280735,305,E,JOSE MARIA MORENO,4,a Retiro y Plaza de los Virreyes,,FALSO,VERDADERO,FALSO,FALSO,FALSO,FALSO,Directorio,486,,Parque Chacabuco,Comuna 7,Vestíbulo intermedio,Boca de subte,DIRECTORIO AV. 486,Directorio 486
-58.44202631,-34.63082283,306,E,EMILIO MITRE,2,a Retiro y Plaza de los Virreyes,,FALSO,VERDADERO,FALSO,FALSO,FALSO,FALSO,Eva Perón,1193,,Parque Chacabuco,Comuna 7,Vestíbulo intermedio,Boca de subte,PERON. EVA AV. 1193,Eva Perón 1193
-58.44207286,-34.63145427,307,E,EMILIO MITRE,1,a Retiro y Plaza de los Virreyes,,FALSO,VERDADERO,FALSO,FALSO,FALSO,FALSO,Emilio Mitre,855,,Parque Chacabuco,Comuna 7,Vestíbulo intermedio,Boca de subte,MITRE. EMILIO 855,Emilio Mitre 855
-58.45012395,-34.63643806,308,E,MEDALLA MILAGROSA,1,a Retiro y Plaza de los Virreyes,,FALSO,VERDADERO,FALSO,FALSO,FALSO,FALSO,Eva Perón,1953,,Parque Chacabuco,Comuna 7,Vestíbulo intermedio,Boca de subte,PERON. EVA AV. 1953,Eva Perón 1953
-58.4578925,-34.63984597,309,E,VARELA,1,a Retiro y Plaza de los Virreyes,,FALSO,VERDADERO,FALSO,FALSO,FALSO,FALSO,Varela,940,,Flores,Comuna 7,Vestíbulo intermedio,Boca de subte,VARELA AV. 940,Varela 940
-58.46148282,-34.64304264,310,E,PLAZA DE LOS VIRREYES - EVA PERÓN,1,a Retiro,P,FALSO,VERDADERO,FALSO,FALSO,FALSO,FALSO,Lafuente,1150,,Flores,Comuna 7,Andén a Bolívar,Boca de subte,LAFUENTE AV. 1150,Lafuente 1150
-58.40618772,-34.60905097,311,H,ONCE - 30 DE DICIEMBRE,2,a Las Heras y Hospitales,A,FALSO,VERDADERO,VERDADERO,FALSO,FALSO,FALSO,Pueyrredón,100,,Balvanera,Comuna 3,Vestíbulo intermedio,Boca de subte,PUEYRREDON AV. 100,Pueyrredón 100
-58.40589542,-34.60894658,312,H,ONCE - 30 DE DICIEMBRE,1,a Las Heras y Hospitales,A,FALSO,VERDADERO,FALSO,FALSO,FALSO,FALSO,Pueyrredón,91,,Balvanera,Comuna 3,Vestíbulo intermedio,Boca de subte,PUEYRREDON AV. 91,Pueyrredón 91
-58.40586719,-34.60928311,313,H,ONCE - 30 DE DICIEMBRE,5,a Las Heras y Hospitales,A,FALSO,VERDADERO,FALSO,FALSO,FALSO,FALSO,Pueyrredón,59,,Balvanera,Comuna 3,Vestíbulo intermedio,Boca de subte,PUEYRREDON AV. 59,Pueyrredón 59
-58.40587669,-34.60911303,314,H,ONCE - 30 DE DICIEMBRE,3,a Las Heras y Hospitales,A,FALSO,FALSO,FALSO,VERDADERO,FALSO,FALSO,Pueyrredón,79,,Balvanera,Comuna 3,Vestíbulo intermedio,Boca de subte,PUEYRREDON AV. 79,Pueyrredón 79
-58.40469445,-34.61494258,315,H,VENEZUELA,1,Salida únicamente,,FALSO,FALSO,VERDADERO,FALSO,FALSO,FALSO,Jujuy,422,,Balvanera,Comuna 3,Salida únicamente,Boca de subte,JUJUY AV. 422,Jujuy 422
-58.40493566,-34.61498192,316,H,VENEZUELA,2,Salida únicamente,,FALSO,FALSO,VERDADERO,FALSO,FALSO,FALSO,Jujuy,425,,Balvanera,Comuna 3,Salida únicamente,Boca de subte,JUJUY AV. 425,Jujuy 425
-58.4045278,-34.61551941,317,H,VENEZUELA,3,a Las Heras y Hospitales,,FALSO,VERDADERO,FALSO,FALSO,FALSO,FALSO,Jujuy,482,,Balvanera,Comuna 3,Vestíbulo intermedio,Boca de subte,JUJUY AV. 482,Jujuy 482
-58.40476635,-34.61556466,318,H,VENEZUELA,6,a Las Heras y Hospitales,,FALSO,VERDADERO,FALSO,FALSO,FALSO,FALSO,Jujuy,487,,Balvanera,Comuna 3,Vestíbulo intermedio,Boca de subte,JUJUY AV. 487,Jujuy 487
-58.40485671,-34.61525259,319,H,VENEZUELA,4,a Las Heras y Hospitales,,FALSO,FALSO,FALSO,VERDADERO,FALSO,FALSO,jujuy,449,,Balvanera,Comuna 3,Vestíbulo intermedio,Boca de subte,JUJUY AV. 449,jujuy 449
-58.40157247,-34.62360339,320,H,HUMBERTO 1°,7,a Las Heras y Hospitales,,FALSO,VERDADERO,FALSO,FALSO,FALSO,FALSO,San Juan,2647,,San Cristobal,Comuna 3,Vestíbulo intermedio,Boca de subte,SAN JUAN AV. 2647,San Juan 2647
-58.40222175,-34.62301654,321,H,HUMBERTO 1°,3,Salida únicamente,,VERDADERO,FALSO,VERDADERO,FALSO,FALSO,FALSO,Jujuy,1142,,San Cristobal,Comuna 3,Salida únicamente,Boca de subte,JUJUY AV. 1142,Jujuy 1142
-58.402478,-34.62301699,322,H,HUMBERTO 1°,2,a Las Heras y Hospitales,,VERDADERO,VERDADERO,FALSO,FALSO,FALSO,FALSO,Jujuy,1133,,San Cristobal,Comuna 3,Vestíbulo intermedio,Boca de subte,JUJUY AV. 1133,Jujuy 1133
-58.40218792,-34.62247347,323,H,HUMBERTO 1°,1,a Las Heras y Hospitales,,VERDADERO,VERDADERO,FALSO,FALSO,FALSO,FALSO,Humberto 1°,2666,,San Cristobal,Comuna 3,Vestíbulo intermedio,Boca de subte,HUMBERTO 1° 2666,Humberto 1° 2666
-58.40215419,-34.62327504,324,H,HUMBERTO 1°,5,a Las Heras y Hospitales,,FALSO,FALSO,FALSO,VERDADERO,FALSO,FALSO,Jujuy,1197,,San Cristobal,Comuna 3,Vestíbulo intermedio,Boca de subte,JUJUY AV. 1197,Jujuy 1197
-58.4011606,-34.62902528,325,H,INCLAN - MEZQUITA AL AHMAD,2,a Las Heras y Hospitales,,FALSO,VERDADERO,FALSO,FALSO,FALSO,FALSO,Jujuy,1615,,Parque Patricios,Comuna 4,Vestíbulo intermedio,Boca de subte,JUJUY AV. 1615,Jujuy 1615
-58.40091835,-34.6289961,326,H,INCLAN - MEZQUITA AL AHMAD,1,Salida únicamente,,FALSO,FALSO,VERDADERO,FALSO,FALSO,FALSO,Jujuy,1618,,Parque Patricios,Comuna 4,Salida únicamente,Boca de subte,JUJUY AV. 1618,Jujuy 1618
-58.40079081,-34.62978818,327,H,INCLAN - MEZQUITA AL AHMAD,3,a Las Heras y Hospitales,,VERDADERO,VERDADERO,FALSO,FALSO,FALSO,FALSO,Jujuy,1680,,Parque Patricios,Comuna 4,Vestíbulo intermedio,Boca de subte,JUJUY AV. 1680,Jujuy 1680
-58.40102682,-34.62982065,328,H,INCLAN - MEZQUITA AL AHMAD,6,Salida únicamente,,VERDADERO,FALSO,VERDADERO,FALSO,FALSO,FALSO,Jujuy,1691,,Parque Patricios,Comuna 4,Salida únicamente,Boca de subte,JUJUY AV. 1691,Jujuy 1691
-58.40113433,-34.6291905,329,H,INCLAN - MEZQUITA AL AHMAD,4,a Las Heras y Hospitales,,FALSO,FALSO,FALSO,VERDADERO,FALSO,FALSO,Jujuy,1633,,Parque Patricios,Comuna 4,Vestíbulo intermedio,Boca de subte,JUJUY AV. 1633,Jujuy 1633
-58.39906112,-34.63502129,330,H,CASEROS,1,Salida únicamente,,FALSO,FALSO,VERDADERO,FALSO,FALSO,FALSO,Jujuy,2112,,Parque Patricios,Comuna 4,Salida únicamente,Boca de subte,JUJUY AV. 2112,Jujuy 2112
-58.39928434,-34.63512423,331,H,CASEROS,2,a Las Heras y Hospitales,,FALSO,VERDADERO,FALSO,FALSO,FALSO,FALSO,Jujuy,2129,,Parque Patricios,Comuna 4,Vestíbulo intermedio,Boca de subte,JUJUY AV. 2129,Jujuy 2129
-58.39889215,-34.63555215,332,H,CASEROS,3,Salida únicamente,,FALSO,FALSO,VERDADERO,FALSO,FALSO,FALSO,Jujuy,2180,,Parque Patricios,Comuna 4,Salida únicamente,Boca de subte,JUJUY AV. 2180,Jujuy 2180
-58.39913326,-34.6356143,333,H,CASEROS,6,a Las Heras y Hospitales,,FALSO,VERDADERO,FALSO,FALSO,FALSO,FALSO,Jujuy,2185,,Parque Patricios,Comuna 4,Vestíbulo intermedio,Boca de subte,JUJUY AV. 2185,Jujuy 2185
-58.39921742,-34.63535305,334,H,CASEROS,4,a Las Heras y Hospitales,,FALSO,FALSO,FALSO,VERDADERO,FALSO,FALSO,Jujuy,2179,,Parque Patricios,Comuna 4,Vestíbulo intermedio,Boca de subte,JUJUY AV. 2179,Jujuy 2179
-58.40579634,-34.63759004,335,H,PARQUE PATRICIOS,2,a Las Heras y Hospitales,,FALSO,FALSO,FALSO,VERDADERO,FALSO,FALSO,Monteagudo,35,,Parque Patricios,Comuna 4,Vestíbulo intermedio,Boca de subte,MONTEAGUDO 35,Monteagudo 35
-58.40593477,-34.63751388,336,H,PARQUE PATRICIOS,1,a Las Heras y Hospitales,,FALSO,VERDADERO,VERDADERO,FALSO,FALSO,FALSO,Monteagudo,29,,Parque Patricios,Comuna 4,Vestíbulo intermedio,Boca de subte,MONTEAGUDO 29,Monteagudo 29
-58.41242951,-34.64155031,337,H,HOSPITALES,1,a Las Heras,,FALSO,VERDADERO,VERDADERO,FALSO,FALSO,FALSO,Almafuerte,270,,Parque Patricios,Comuna 4,Vestíbulo intermedio,Boca de subte,ALMAFUERTE AV. 270,Almafuerte 270
-58.41255591,-34.64182344,338,H,HOSPITALES,5,a Las Heras,,FALSO,VERDADERO,VERDADERO,FALSO,FALSO,FALSO,Almafuerte,302,,Parque Patricios,Comuna 4,Vestíbulo intermedio,Boca de subte,ALMAFUERTE AV. 302,Almafuerte 302
-58.41276933,-34.64154455,339,H,HOSPITALES,2,a Las Heras,,FALSO,VERDADERO,FALSO,FALSO,FALSO,FALSO,Almafuerte,279,,Nueva Pompeya,Comuna 4,Vestíbulo intermedio,Boca de subte,ALMAFUERTE AV. 279,Almafuerte 279
-58.41243816,-34.64168627,340,H,HOSPITALES,3,a Las Heras,,FALSO,FALSO,FALSO,VERDADERO,FALSO,FALSO,Almafuerte,286,,Parque Patricios,Comuna 4,Vestíbulo intermedio,Boca de subte,ALMAFUERTE AV. 286,Almafuerte 286
-58.40346313,-34.59876209,341,H,CÓRDOBA,2,a Las Heras y Hopitales,,FALSO,VERDADERO,VERDADERO,FALSO,FALSO,FALSO,Cordoba,2572,,Balvanera,Comuna 3,Vestíbulo intermedio,Boca de subte,CORDOBA AV. 2572,Cordoba 2572
-58.40202619,-34.59439441,342,H,SANTA FE - CARLOS JAUREGUI,3,a Las Heras y Hopitales,D,FALSO,VERDADERO,FALSO,FALSO,FALSO,FALSO,Santa Fe,2491,,Recoleta,Comuna 2,Vestíbulo intermedio,Boca de subte,SANTA FE AV. 2491,Santa Fe 2491
-58.43446469,-34.57526449,343,D,MINISTRO CARRANZA - MIGUEL ABUELO,1,a Catedral y Congreso de Tucumán,,FALSO,VERDADERO,FALSO,FALSO,FALSO,FALSO,Santa Fe,5328,,Palermo,Comuna 14,Vestíbulo intermedio,Boca de subte,SANTA FE AV. 5328,Santa Fe 5328
-58.37482607,-34.60848407,344,A,PERU,1,a Pza. de Mayo,E-D,FALSO,FALSO,FALSO,VERDADERO,FALSO,FALSO,Avenida de Mayo,599,,Monserrat,Comuna 1,Sólo andén a Pza. de Mayo,Boca de subte,DE MAYO AV. 599,Avenida de Mayo 599
-58.37476814,-34.60870464,345,A,PERU,2,a San Pedrito,E-D,FALSO,FALSO,FALSO,VERDADERO,FALSO,FALSO,Avenida de Mayo,598,,Monserrat,Comuna 1,Sólo andén a San Pedrito,Boca de subte,DE MAYO AV. 598,Avenida de Mayo 598
-58.39234443,-34.60929601,346,A,CONGRESO - PDTE. DR. RAÚL ALFONSÍN,6,a San Pedrito,,FALSO,FALSO,FALSO,VERDADERO,FALSO,FALSO,Rivadavia,1802,,,,Solo anden a San pedrito,Boca de subte,,Rivadavia 1802
-58.39290273,-34.60915562,347,A,CONGRESO - PDTE. DR. RAÚL ALFONSÍN,5,a Plaza de Mayo,,FALSO,FALSO,FALSO,VERDADERO,FALSO,FALSO,Rivadavia,1851,,,,Solo anden a Plaza de Mayo,Boca de subte,,Rivadavia 1851
-58.41491376,-34.61067378,348,A,LORIA,5,a Plaza de Mayo,,FALSO,FALSO,FALSO,VERDADERO,FALSO,FALSO,Rivadavia,3425,,Almagro,Comuna 5,Solo anden a Plaza de Mayo,Boca de subte,RIVADAVIA AV. 3425,Rivadavia 3425
-58.42130869,-34.61170652,349,A,CASTRO BARROS,6,a San Pedrito,,FALSO,FALSO,FALSO,VERDADERO,FALSO,FALSO,Rivadavia,3916,,Almagro,Comuna 5,Solo anden a San Pedrito,Boca de subte,RIVADAVIA AV. 3916,Rivadavia 3916
-58.44127818,-34.62059645,350,A,PRIMERA JUNTA,2,a San Pedrito,,FALSO,FALSO,FALSO,VERDADERO,FALSO,FALSO,Del Barco Centenera,11,,Caballito,Comuna 6,Vestíbulo intermedio,Boca de subte,BARCO CENTENERA DEL 11,Del Barco Centenera 11
-58.46637037,-34.58396011,351,B,TRONADOR - VILLA ORTÚZAR,3,a L. N. Alem y J. M. de Rosas,,FALSO,FALSO,FALSO,VERDADERO,FALSO,FALSO,Guevara,1600,,Villa Ortuzar,Comuna 15,Andén central,Boca de subte,GUEVARA 1600,Guevara 1600
-58.47354997,-34.58189175,352,B,DE LOS INCAS - PQUE. CHAS,2,a L. N. Alem y J. M. de Rosas,,FALSO,FALSO,FALSO,VERDADERO,FALSO,FALSO,Triunvirato,3700,,Villa Ortuzar,Comuna 15,Vestíbulo intermedio,Boca de subte,TRIUNVIRATO AV. 3700,Triunvirato 3700
-58.48087095,-34.57801655,353,B,ECHEVERRÍA,4,a L. N. Alem y J. M. de Rosas,,FALSO,FALSO,FALSO,VERDADERO,FALSO,FALSO,Triunvirato,4254,,Villa Urquiza,Comuna 12,Vestíbulo intermedio,Boca de subte,TRIUNVIRATO AV. 4254,Triunvirato 4254
-58.48679888,-34.57445131,354,B,JUAN MANUEL DE ROSAS - VILLA URQUIZA,7,a L. N. Alem,,FALSO,FALSO,FALSO,VERDADERO,FALSO,FALSO,Monroe,5121,,Villa Urquiza,Comuna 12,Vestíbulo intermedio,Boca de subte,MONROE 5121,Monroe 5121
-58.48797086,-34.57393799,355,B,JUAN MANUEL DE ROSAS - VILLA URQUIZA,2,a L. N. Alem,,FALSO,FALSO,FALSO,VERDADERO,FALSO,FALSO,Roosevelt,5154,,Villa Urquiza,Comuna 12,Vestíbulo intermedio,Boca de subte,ROOSEVELT FRANKLIN D. AV. 5154,Roosevelt 5154
-58.38106523,-34.62758711,356,C,CONSTITUCION,3,a Retiro,,FALSO,VERDADERO,FALSO,FALSO,FALSO,FALSO,Martin Rodriguez,1147,,Boca,Comuna 4,Andén central,Boca de subte,RODRIGUEZ. MARTIN 1147,Martin Rodriguez 1147
-58.37491529,-34.60710968,357,D,CATEDRAL,3,a Congreso de Tucumán,A-E,FALSO,VERDADERO,FALSO,FALSO,FALSO,FALSO,Roque Sánez Peña,582,,,,Andén a C. de Tucumán,Boca de subte,,Roque Sánez Peña 582
-58.46292703,-34.55536584,358,D,CONGRESO DE TUCUMAN,2,a Catedral,,FALSO,VERDADERO,FALSO,FALSO,FALSO,FALSO,Cabildo,2922,,Nuñez,Comuna 13,Vestíbulo intermedio,Boca de subte,CABILDO AV. 2922,Cabildo 2922
-58.46238102,-34.55591306,359,D,CONGRESO DE TUCUMAN,10,a Catedral,,FALSO,FALSO,FALSO,VERDADERO,FALSO,FALSO,Cabildo,2848,,Belgrano,Comuna 13,Vestíbulo intermedio,Boca de subte,CABILDO AV. 2848,Cabildo 2848
-58.37063797,-34.60292724,361,B,LEANDRO N. ALEM,1,a J. M. de Rosas,,FALSO,VERDADERO,FALSO,FALSO,FALSO,FALSO,Corrientes,269,,San Nicolas,Comuna 1,Anden central,Boca de subte,CORRIENTES AV. 269,Corrientes 269
-58.38084048,-34.60437551,362,D,9 DE JULIO,5,a Catedral y Congreso de Tucumán,B-C,FALSO,VERDADERO,FALSO,FALSO,FALSO,FALSO,Carlos Pellegrini,341,,San Nicolas,Comuna 1,Galería Obelisco Sur,Boca de subte,PELLEGRINI. CARLOS 341,Carlos Pellegrini 341
-58.38083318,-34.60446494,363,D,9 DE JULIO,7,a Catedral y Congreso de Tucumán,B-C,FALSO,VERDADERO,FALSO,FALSO,FALSO,FALSO,Carlos Pellegrini,341,,San Nicolas,Comuna 1,Galería Obelisco Sur,Boca de subte,PELLEGRINI. CARLOS 341,Carlos Pellegrini 341
-58.40277393,-34.59509642,364,H,SANTA FE - CARLOS JAUREGUI,5,a Las Heras y Hopitales,D,FALSO,VERDADERO,VERDADERO,VERDADERO,FALSO,FALSO,Pueyrredón,1338,,,,Vestíbulo intermedio,Boca de subte,,Pueyrredón 1338
-58.37053148,-34.60869826,365,A,PLAZA DE MAYO,3,a San Pedrito,,FALSO,FALSO,FALSO,VERDADERO,FALSO,FALSO,Hipólito Yrigoyen,297,,Monserrat,Comuna 1,Andén Central,Boca de subte,YRIGOYEN. HIPOLITO AV. 297,Hipólito Yrigoyen 297
-58.39810354,-34.59964495,366,D,FACULTAD DE MEDICINA,5,a Catedral,,FALSO,FALSO,FALSO,VERDADERO,FALSO,FALSO,Córdoba,2155,,Recoleta,Comuna 2,Andén a Catedral,Boca de subte,CORDOBA AV. 2155,Córdoba 2155
-58.3752402,-34.59236382,367,E,RETIRO,1,a Plaza de los Virreyes - Eva Perón,C,FALSO,FALSO,FALSO,FALSO,FALSO,FALSO,Ramos mejia,1301,,Retiro,Comuna 1,Vestíbulo intermedio,Boca de subte,RAMOS MEJIA. JOSE MARIA. DR. AV. 1301,Ramos Mejía 1301
-58.37563315,-34.5922734,368,E,RETIRO,3,a Plaza de los Virreyes - Eva Perón,C,FALSO,FALSO,FALSO,FALSO,FALSO,FALSO,Del Libertador Av,125,,Retiro,Comuna 1,Vestíbulo intermedio,Boca de subte,DEL LIBERTADOR AV. 125,Del Libertador 125
-58.37610256,-34.59196662,369,E,RETIRO,5,a Plaza de los Virreyes - Eva Perón,C,FALSO,FALSO,FALSO,FALSO,FALSO,FALSO,Del Libertador Av,145,,Retiro,Comuna 1,Vestíbulo intermedio,Boca de subte,DEL LIBERTADOR AV. 145,Del Libertador 145
-58.37653611,-34.59168712,370,E,RETIRO,7,a Plaza de los Virreyes - Eva Perón,C,FALSO,FALSO,FALSO,FALSO,FALSO,FALSO,Del Libertador Av,185,,Retiro,Comuna 1,Vestíbulo intermedio,Boca de subte,DEL LIBERTADOR AV. 185,Del Libertador 185
-58.37590289,-34.59277031,371,E,RETIRO,2,a Plaza de los Virreyes - Eva Perón,C,FALSO,FALSO,FALSO,FALSO,FALSO,FALSO,Juncal,602,,Retiro,Comuna 1,Vestíbulo intermedio,Boca de subte,JUNCAL 602,Juncal 600
-58.37676884,-34.59222007,372,E,RETIRO,4,a Plaza de los Virreyes - Eva Perón,C,FALSO,FALSO,FALSO,FALSO,FALSO,FALSO,Basavilbaso,1393,,Retiro,Comuna 1,Vestíbulo intermedio,Boca de subte,BASAVILBASO 1393,Basavilbaso 1393
-58.3725077,-34.59624151,373,E,CATALINAS,4,a Plaza de los Virreyes - Eva Perón y Retiro,,FALSO,FALSO,FALSO,FALSO,FALSO,FALSO,Leandro N Alem,996,,Retiro,Comuna 1,Vestíbulo intermedio,Boca de subte,ALEM. LEANDRO N. AV. 996,Leandro N Alem 996
-58.37223094,-34.59690123,374,E,CATALINAS,2,a Plaza de los Virreyes - Eva Perón y Retiro,,FALSO,FALSO,FALSO,FALSO,FALSO,FALSO,Leandro Alem,910,,Retiro,Comuna 1,Vestíbulo intermedio,Boca de subte,ALEM. LEANDRO N. AV. 910,Leandro N Alem 910
-58.37177942,-34.59644226,375,E,CATALINAS,3,a Plaza de los Virreyes - Eva Perón y Retiro,,FALSO,FALSO,FALSO,FALSO,FALSO,FALSO,Leandro Alem,951,,Retiro,Comuna 1,Vestíbulo intermedio,Boca de subte,ALEM. LEANDRO N. AV. 951,Leandro N Alem 951
-58.37172698,-34.59654498,376,E,CATALINAS,1,a Plaza de los Virreyes - Eva Perón y Retiro,,FALSO,FALSO,FALSO,FALSO,FALSO,FALSO,Leandro Alem,951,,Retiro,Comuna 1,Vestíbulo intermedio,Boca de subte,ALEM. LEANDRO N. AV. 951,Leandro N Alem 951
-58.3699512,-34.60362743,377,E,CORREO CENTRAL,9,a Plaza de los Virreyes - Eva Perón y Retiro,B,FALSO,FALSO,FALSO,FALSO,FALSO,FALSO,Leandro Alem,345,,San Nicolas,Comuna 1,Vestíbulo intermedio,Boca de subte,ALEM. LEANDRO N. AV. 345,Leandro N Alem 345
-58.36937277,-34.60423849,378,E,CORREO CENTRAL,11,a Plaza de los Virreyes - Eva Perón y Retiro,B,FALSO,FALSO,FALSO,FALSO,FALSO,FALSO,Sarmiento,151,,San Nicolas,Comuna 1,Vestíbulo intermedio,Boca de subte,SARMIENTO 151,Sarmiento 151
-58.3706252,-34.6031179,379,E,CORREO CENTRAL,2,a Plaza de los Virreyes - Eva Perón y Retiro,B,FALSO,FALSO,FALSO,FALSO,FALSO,FALSO,Av Corrientes,212,,San Nicolas,Comuna 1,Vestíbulo intermedio,Boca de subte,CORRIENTES AV. 212,Av Corrientes 212
-58.37043831,-34.60391959,380,E,CORREO CENTRAL,6,a Plaza de los Virreyes - Eva Perón y Retiro,B,FALSO,FALSO,FALSO,FALSO,FALSO,FALSO,Leandro Alem,322,,San Nicolas,Comuna 1,Salida únicamente,Boca de subte,ALEM. LEANDRO N. AV. 322,Leandro N Alem 322
-58.3704111,-34.60445315,381,E,CORREO CENTRAL,8,a Plaza de los Virreyes - Eva Perón y Retiro,B,FALSO,FALSO,FALSO,FALSO,FALSO,FALSO,Leandro Alem,286,,San Nicolas,Comuna 1,Vestíbulo intermedio,Boca de subte,ALEM. LEANDRO N. AV. 286,Leandro N Alem 286
-58.39102096,-34.58303559,382,H,FACULTAD DE DERECHO - JULIETA LANTERI,1,a Hospitales,,FALSO,VERDADERO,VERDADERO,VERDADERO,VERDADERO,FALSO,Figueroa Alcorta. Pres. Av.,0,Gonzalez. Julio Victor,Recoleta,Comuna 2,,Boca de subte,FIGUEROA ALCORTA. PRES. AV. y G
